{
  "data": [
    {
      "invoice_id": 4477,
      "issued_date": "1400/12/13",
      "client_name": "تونی استارک",
      "service": "توسعه نرم افزار",
      "total": 3428,
      "avatar_image": false,
      "invoice_status": "پرداخت شده",
      "balance": "724 تومان",
      "due_date": "1401/04/23",
      "action": 1
    },
    {
      "invoice_id": 5020,
      "issued_date": "1400/07/17",
      "client_name": "استیو راجرز",
      "service": "طراحی و توسعه UI/UX",
      "total": 5219,
      "avatar_image": true,
      "invoice_status": "دریافت شده",
      "balance": 0,
      "due_date": "1401/12/15",
      "action": 1
    },
    {
      "invoice_id": 4506,
      "issued_date": "1400/10/19",
      "client_name": "بیل گیتس",
      "service": "لایسنس پیشرفته نامحدود",
      "total": 3719,
      "avatar_image": true,
      "invoice_status": "پرداخت شده",
      "balance": 0,
      "due_date": "1401/11/03",
      "action": 1
    },
    {
      "invoice_id": 4515,
      "issued_date": "1400/03/06",
      "client_name": "ایلان ماسک",
      "service": "توسعه نرم افزار",
      "total": 4749,
      "avatar_image": true,
      "invoice_status": "ارسال شده",
      "balance": 0,
      "due_date": "1401/02/11",
      "action": 1
    },
    {
      "invoice_id": 4831,
      "issued_date": "1400/02/08",
      "client_name": "جف بزوس",
      "service": "طراحی و توسعه UI/UX",
      "total": 4056,
      "avatar_image": true,
      "invoice_status": "پیش‌نویس",
      "balance": "815 تومان",
      "due_date": "1401/06/30",
      "action": 1
    },
    {
      "invoice_id": 4881,
      "issued_date": "1400/08/26",
      "client_name": "استیو جابز",
      "service": "طراحی و توسعه UI/UX",
      "total": 2771,
      "avatar_image": false,
      "invoice_status": "پرداخت شده",
      "balance": 0,
      "due_date": "1401/06/24",
      "action": 1
    },
    {
      "invoice_id": 4877,
      "issued_date": "1400/09/17",
      "client_name": "دیوید بکهام",
      "service": "طراحی و توسعه UI/UX",
      "total": 2713,
      "avatar_image": false,
      "invoice_status": "پیش‌نویس",
      "balance": "407 تومان",
      "due_date": "1401/11/22",
      "action": 1
    },
    {
      "invoice_id": 4687,
      "issued_date": "1400/02/11",
      "client_name": "کریس رونالدو",
      "service": "سفارشی سازی قالب",
      "total": 4309,
      "avatar_image": true,
      "invoice_status": "پرداخت شده",
      "balance": "-205 تومان",
      "due_date": "1401/02/10",
      "action": 1
    },
    {
      "invoice_id": 4917,
      "issued_date": "1400/01/26",
      "client_name": "پیتر پارکر",
      "service": "توسعه نرم افزار",
      "total": 3367,
      "avatar_image": true,
      "invoice_status": "دریافت شده",
      "balance": 0,
      "due_date": "1401/12/24",
      "action": 1
    },
    {
      "invoice_id": 4790,
      "issued_date": "1400/01/15",
      "client_name": "روبرتو کارلوس",
      "service": "توسعه نرم افزار",
      "total": 4776,
      "avatar_image": true,
      "invoice_status": "دریافت شده",
      "balance": "305 تومان",
      "due_date": "1401/06/02",
      "action": 1
    },
    {
      "invoice_id": 4965,
      "issued_date": "1400/09/27",
      "client_name": "لیونل مسی",
      "service": "لایسنس پیشرفته نامحدود",
      "total": 3789,
      "avatar_image": true,
      "invoice_status": "پرداخت ناقص",
      "balance": "666 تومان",
      "due_date": "1401/03/18",
      "action": 1
    },
    {
      "invoice_id": 4449,
      "issued_date": "1400/07/31",
      "client_name": "اولیور کوئین",
      "service": "لایسنس پیشرفته نامحدود",
      "total": 5200,
      "avatar_image": true,
      "invoice_status": "پرداخت ناقص",
      "balance": 0,
      "due_date": "1401/01/17",
      "action": 1
    },
    {
      "invoice_id": 4511,
      "issued_date": "1400/02/14",
      "client_name": "بری الن",
      "service": "توسعه نرم افزار",
      "total": 4558,
      "avatar_image": true,
      "invoice_status": "پرداخت شده",
      "balance": 0,
      "due_date": "1401/10/01",
      "action": 1
    },
    {
      "invoice_id": 4677,
      "issued_date": "1400/05/21",
      "client_name": "جان دیگل",
      "service": "سفارشی سازی قالب",
      "total": 3503,
      "avatar_image": true,
      "invoice_status": "پرداخت شده",
      "balance": 0,
      "due_date": "1401/05/22",
      "action": 1
    },
    {
      "invoice_id": 5024,
      "issued_date": "1400/06/30",
      "client_name": "امیلیا کلارک",
      "service": "لایسنس پیشرفته نامحدود",
      "total": 5285,
      "avatar_image": true,
      "invoice_status": "پرداخت ناقص",
      "balance": "-202 تومان",
      "due_date": "1401/08/02",
      "action": 1
    },
    {
      "invoice_id": 4743,
      "issued_date": "1400/06/21",
      "client_name": "بروس وین",
      "service": "طراحی و توسعه UI/UX",
      "total": 3668,
      "avatar_image": true,
      "invoice_status": "دریافت شده",
      "balance": "731 تومان",
      "due_date": "1401/12/15",
      "action": 1
    },
    {
      "invoice_id": 4416,
      "issued_date": "1400/12/30",
      "client_name": "جسیکا آلبا",
      "service": "لایسنس پیشرفته نامحدود",
      "total": 4372,
      "avatar_image": false,
      "invoice_status": "ارسال شده",
      "balance": "-344 تومان",
      "due_date": "1401/09/17",
      "action": 1
    },
    {
      "invoice_id": 4943,
      "issued_date": "1400/05/27",
      "client_name": "تام کروز",
      "service": "سفارشی سازی قالب",
      "total": 3198,
      "avatar_image": true,
      "invoice_status": "پرداخت ناقص",
      "balance": "-253 تومان",
      "due_date": "1401/08/16",
      "action": 1
    },
    {
      "invoice_id": 4989,
      "issued_date": "1400/07/30",
      "client_name": "برد پیت",
      "service": "لایسنس پیشرفته نامحدود",
      "total": 5293,
      "avatar_image": false,
      "invoice_status": "تاریخ سررسید گذشته",
      "balance": 0,
      "due_date": "1401/08/01",
      "action": 1
    },
    {
      "invoice_id": 4582,
      "issued_date": "1400/06/10",
      "client_name": "جانی دپ",
      "service": "سفارشی سازی قالب",
      "total": 5612,
      "avatar_image": true,
      "invoice_status": "دریافت شده",
      "balance": "883 تومان",
      "due_date": "1401/04/12",
      "action": 1
    },
    {
      "invoice_id": 5041,
      "issued_date": "1400/02/01",
      "client_name": "تونی استارک",
      "service": "توسعه نرم افزار",
      "total": 2230,
      "avatar_image": true,
      "invoice_status": "ارسال شده",
      "balance": 0,
      "due_date": "1401/11/19",
      "action": 1
    },
    {
      "invoice_id": 4401,
      "issued_date": "1400/03/22",
      "client_name": "استیو راجرز",
      "service": "لایسنس پیشرفته نامحدود",
      "total": 2032,
      "avatar_image": true,
      "invoice_status": "پرداخت ناقص",
      "balance": 0,
      "due_date": "1401/11/30",
      "action": 1
    },
    {
      "invoice_id": 4535,
      "issued_date": "1400/11/30",
      "client_name": "دیوید بکهام",
      "service": "طراحی و توسعه UI/UX",
      "total": 3128,
      "avatar_image": true,
      "invoice_status": "پرداخت شده",
      "balance": 0,
      "due_date": "1401/09/10",
      "action": 1
    },
    {
      "invoice_id": 4683,
      "issued_date": "1400/01/06",
      "client_name": "روبرتو کارلوس",
      "service": "توسعه نرم افزار",
      "total": 2060,
      "avatar_image": true,
      "invoice_status": "دریافت شده",
      "balance": 0,
      "due_date": "1401/12/08",
      "action": 1
    },
    {
      "invoice_id": 4410,
      "issued_date": "1400/06/01",
      "client_name": "پیتر پارکر",
      "service": "طراحی و توسعه UI/UX",
      "total": 4077,
      "avatar_image": false,
      "invoice_status": "پیش‌نویس",
      "balance": 0,
      "due_date": "1401/02/01",
      "action": 1
    },
    {
      "invoice_id": 4716,
      "issued_date": "1400/10/30",
      "client_name": "لورم ایپسوم",
      "service": "سفارشی سازی قالب",
      "total": 2872,
      "avatar_image": true,
      "invoice_status": "پرداخت ناقص",
      "balance": 0,
      "due_date": "1401/10/18",
      "action": 1
    },
    {
      "invoice_id": 4341,
      "issued_date": "1400/02/05",
      "client_name": "لورم ایپسوم",
      "service": "توسعه نرم افزار",
      "total": 3740,
      "avatar_image": true,
      "invoice_status": "پیش‌نویس",
      "balance": 0,
      "due_date": "1401/11/01",
      "action": 1
    },
    {
      "invoice_id": 4990,
      "issued_date": "1400/12/01",
      "client_name": "ایلان ماسک",
      "service": "لایسنس پیشرفته نامحدود",
      "total": 3623,
      "avatar_image": false,
      "invoice_status": "دریافت شده",
      "balance": 0,
      "due_date": "1401/09/23",
      "action": 1
    },
    {
      "invoice_id": 4446,
      "issued_date": "1400/04/16",
      "client_name": "لورم ایپسوم",
      "service": "توسعه نرم افزار",
      "total": 2477,
      "avatar_image": true,
      "invoice_status": "پیش‌نویس",
      "balance": 0,
      "due_date": "1401/04/01",
      "action": 1
    },
    {
      "invoice_id": 4765,
      "issued_date": "1400/01/24",
      "client_name": "لورم ایپسوم",
      "service": "لایسنس پیشرفته نامحدود",
      "total": 3904,
      "avatar_image": false,
      "invoice_status": "پرداخت شده",
      "balance": "951 تومان",
      "due_date": "1401/09/30",
      "action": 1
    },
    {
      "invoice_id": 4575,
      "issued_date": "1400/02/24",
      "client_name": "لورم ایپسوم",
      "service": "طراحی و توسعه UI/UX",
      "total": 3102,
      "avatar_image": true,
      "invoice_status": "پرداخت ناقص",
      "balance": "-153 تومان",
      "due_date": "1401/08/25",
      "action": 1
    },
    {
      "invoice_id": 4538,
      "issued_date": "1400/02/29",
      "client_name": "لورم ایپسوم",
      "service": "طراحی و توسعه UI/UX",
      "total": 2483,
      "avatar_image": true,
      "invoice_status": "پیش‌نویس",
      "balance": 0,
      "due_date": "1401/07/10",
      "action": 1
    },
    {
      "invoice_id": 4798,
      "issued_date": "1400/08/07",
      "client_name": "لورم ایپسوم",
      "service": "لایسنس پیشرفته نامحدود",
      "total": 2825,
      "avatar_image": true,
      "invoice_status": "پرداخت ناقص",
      "balance": "-459 تومان",
      "due_date": "1401/10/14",
      "action": 1
    },
    {
      "invoice_id": 4963,
      "issued_date": "1400/05/10",
      "client_name": "لورم ایپسوم",
      "service": "لایسنس پیشرفته نامحدود",
      "total": 2029,
      "avatar_image": true,
      "invoice_status": "تاریخ سررسید گذشته",
      "balance": 0,
      "due_date": "1401/03/28",
      "action": 1
    },
    {
      "invoice_id": 4528,
      "issued_date": "1400/04/02",
      "client_name": "لورم ایپسوم",
      "service": "توسعه نرم افزار",
      "total": 3208,
      "avatar_image": false,
      "invoice_status": "ارسال شده",
      "balance": 0,
      "due_date": "1401/09/06",
      "action": 1
    },
    {
      "invoice_id": 5089,
      "issued_date": "1400/05/02",
      "client_name": "تام کروز",
      "service": "توسعه نرم افزار",
      "total": 3077,
      "avatar_image": false,
      "invoice_status": "ارسال شده",
      "balance": 0,
      "due_date": "1401/05/09",
      "action": 1
    },
    {
      "invoice_id": 4456,
      "issued_date": "1400/03/23",
      "client_name": "لورم ایپسوم",
      "service": "توسعه نرم افزار",
      "total": 5578,
      "avatar_image": true,
      "invoice_status": "پیش‌نویس",
      "balance": 0,
      "due_date": "1401/07/23",
      "action": 1
    },
    {
      "invoice_id": 5027,
      "issued_date": "1400/09/28",
      "client_name": "دیوید بکهام",
      "service": "توسعه نرم افزار",
      "total": 2787,
      "avatar_image": true,
      "invoice_status": "پرداخت ناقص",
      "balance": 0,
      "due_date": "1401/09/25",
      "action": 1
    },
    {
      "invoice_id": 4748,
      "issued_date": "1400/02/21",
      "client_name": "لورم ایپسوم",
      "service": "طراحی و توسعه UI/UX",
      "total": 5591,
      "avatar_image": false,
      "invoice_status": "دریافت شده",
      "balance": 0,
      "due_date": "1401/06/07",
      "action": 1
    },
    {
      "invoice_id": 4651,
      "issued_date": "1400/05/24",
      "client_name": "لورم ایپسوم",
      "service": "سفارشی سازی قالب",
      "total": 2783,
      "avatar_image": true,
      "invoice_status": "پیش‌نویس",
      "balance": 0,
      "due_date": "1401/10/22",
      "action": 1
    },
    {
      "invoice_id": 4794,
      "issued_date": "1400/01/13",
      "client_name": "لورم ایپسوم",
      "service": "سفارشی سازی قالب",
      "total": 2719,
      "avatar_image": false,
      "invoice_status": "ارسال شده",
      "balance": 0,
      "due_date": "1401/02/04",
      "action": 1
    },
    {
      "invoice_id": 4593,
      "issued_date": "1400/05/18",
      "client_name": "لورم ایپسوم",
      "service": "سفارشی سازی قالب",
      "total": 3325,
      "avatar_image": false,
      "invoice_status": "پیش‌نویس",
      "balance": "361 تومان",
      "due_date": "1401/03/02",
      "action": 1
    },
    {
      "invoice_id": 4437,
      "issued_date": "1400/10/29",
      "client_name": "لورم ایپسوم",
      "service": "سفارشی سازی قالب",
      "total": 3851,
      "avatar_image": false,
      "invoice_status": "پیش‌نویس",
      "balance": 0,
      "due_date": "1401/08/25",
      "action": 1
    },
    {
      "invoice_id": 4632,
      "issued_date": "1400/04/07",
      "client_name": "لورم ایپسوم",
      "service": "سفارشی سازی قالب",
      "total": 5565,
      "avatar_image": false,
      "invoice_status": "پیش‌نویس",
      "balance": 0,
      "due_date": "1401/03/06",
      "action": 1
    },
    {
      "invoice_id": 4995,
      "issued_date": "1400/08/21",
      "client_name": "اولیور کوئین",
      "service": "سفارشی سازی قالب",
      "total": 3313,
      "avatar_image": true,
      "invoice_status": "پرداخت ناقص",
      "balance": 0,
      "due_date": "1401/06/09",
      "action": 1
    },
    {
      "invoice_id": 4375,
      "issued_date": "1400/05/31",
      "client_name": "لورم ایپسوم",
      "service": "سفارشی سازی قالب",
      "total": 5181,
      "avatar_image": false,
      "invoice_status": "پرداخت ناقص",
      "balance": 0,
      "due_date": "1401/10/22",
      "action": 1
    },
    {
      "invoice_id": 4323,
      "issued_date": "1400/07/12",
      "client_name": "لورم ایپسوم",
      "service": "سفارشی سازی قالب",
      "total": 2869,
      "avatar_image": true,
      "invoice_status": "پرداخت ناقص",
      "balance": 0,
      "due_date": "1401/03/22",
      "action": 1
    },
    {
      "invoice_id": 4993,
      "issued_date": "1400/07/10",
      "client_name": "لورل لنس",
      "service": "لایسنس پیشرفته نامحدود",
      "total": 4836,
      "avatar_image": false,
      "invoice_status": "پرداخت ناقص",
      "balance": 0,
      "due_date": "1401/10/22",
      "action": 1
    },
    {
      "invoice_id": 4439,
      "issued_date": "1400/07/20",
      "client_name": "لورم ایپسوم",
      "service": "طراحی و توسعه UI/UX",
      "total": 4263,
      "avatar_image": false,
      "invoice_status": "پیش‌نویس",
      "balance": "762 تومان",
      "due_date": "1401/06/12",
      "action": 1
    },
    {
      "invoice_id": 4567,
      "issued_date": "1400/04/19",
      "client_name": "لورم ایپسوم",
      "service": "لایسنس پیشرفته نامحدود",
      "total": 3171,
      "avatar_image": true,
      "invoice_status": "پیش‌نویس",
      "balance": "-205 تومان",
      "due_date": "1401/09/25",
      "action": 1
    }
  ]
}