{
  "data": [
    {
      "id": 1,
      "name": "مدیریت",
      "assigned_to": [
        "سرپرست"
      ],
      "created_date": "14 فروردین 1401، 8:43 ب.ظ"
    },
    {
      "id": 2,
      "name": "مدیریت پرداخت و نقش ها",
      "assigned_to": [
        "سرپرست"
      ],
      "created_date": "16 اردیبهشت 1401، 5:20 ب.ظ"
    },
    {
      "id": 3,
      "name": "افزودن و حذف کاربران",
      "assigned_to": [
        "سرپرست",
        "مدیر"
      ],
      "created_date": "14 خرداد 1401، 10:20 ق.ظ"
    },
    {
      "id": 4,
      "name": "برنامه ریزی پروژه",
      "assigned_to": [
        "سرپرست",
        "کاربران",
        "پشتیبانی"
      ],
      "created_date": "14 تیر 1401، 12:10 ب.ظ"
    },
    {
      "id": 5,
      "name": "مدیریت ایمیل ها",
      "assigned_to": [
        "سرپرست",
        "کاربران",
        "پشتیبانی"
      ],
      "created_date": "23 مرداد 1401، 2:00 ب.ظ"
    },
    {
      "id": 6,
      "name": "ارتباط مشتریان",
      "assigned_to": [
        "سرپرست",
        "مدیر"
      ],
      "created_date": "15 فروردین 1401، 11:30 ق.ظ"
    },
    {
      "id": 7,
      "name": "فقط مشاهده",
      "assigned_to": [
        "سرپرست",
        "محدود شده"
      ],
      "created_date": "04 شهریور 1401، 8:15 ب.ظ"
    },
    {
      "id": 8,
      "name": "مدیریت مالی",
      "assigned_to": [
        "سرپرست",
        "مدیر"
      ],
      "created_date": "25 مهر 1401، 10:30 ق.ظ"
    },
    {
      "id": 9,
      "name": "مدیریت دیگران، وظایف",
      "assigned_to": [
        "سرپرست",
        "پشتیبانی"
      ],
      "created_date": "04 آبان 1401، 11:45 ق.ظ"
    }
  ]
}