{
  "data": [
    {
      "project_name": "برنامه تجارت الکترونیک",
      "framework": "پروژه React",
      "total_task": "122/240",
      "project_image": "react-label.png",
      "hours": "210:30h",
      "progress": "60"
    },
    {
      "project_name": "طراحی لوگو فالکون",
      "framework": "پروژه UI/UX",
      "total_task": "9/50",
      "project_image": "xd-label.png",
      "hours": "89h",
      "progress": "15"
    },
    {
      "project_name": "طراحی داشبورد",
      "framework": "پروژه Vuejs",
      "total_task": "100/190",
      "project_image": "vue-label.png",
      "hours": "129:45h",
      "progress": "90"
    },
    {
      "project_name": "برنامه موبایل Foodista",
      "framework": "پروژه iPhone",
      "total_task": "12/86",
      "project_image": "sketch-label.png",
      "hours": "45h",
      "progress": "49"
    },
    {
      "project_name": "پروژه React دوجو",
      "framework": "پروژه React",
      "total_task": "234/378",
      "project_image": "react-label.png",
      "hours": "67:10h",
      "progress": "73"
    },
    {
      "project_name": "وب سایت کریپتو",
      "framework": "پروژه HTML",
      "total_task": "264/537",
      "project_image": "html-label.png",
      "hours": "108:39h",
      "progress": "81"
    },
    {
      "project_name": "قالب مدیریت Vue",
      "framework": "پروژه Vuejs",
      "total_task": "214/627",
      "project_image": "vue-label.png",
      "hours": "88:19h",
      "progress": "78"
    },
    {
      "project_name": "پروژه قالب مدیریت",
      "framework": "پروژه UI/UX",
      "total_task": "148/280",
      "project_image": "xd-label.png",
      "hours": "26:02h",
      "progress": "53"
    },
    {
      "project_name": "وبینار آنلاین",
      "framework": "رویداد رسمی",
      "total_task": "12/20",
      "project_image": "event-label.png",
      "hours": "12:12h",
      "progress": "69"
    },
    {
      "project_name": "وب سایت بلاک چین",
      "framework": "پروژه Python",
      "total_task": "104/137",
      "project_image": "figma-label.png",
      "hours": "138:39h",
      "progress": "95"
    },
    {
      "project_name": "وب سایت هافمن",
      "framework": "پروژه HTML",
      "total_task": "56/183",
      "project_image": "html-label.png",
      "hours": "76h",
      "progress": "43"
    }
  ]
}