{
  "data": [
    {
      "id": 1,
      "avatar": "10.png",
      "full_name": "تونی استارک",
      "post": "مهندس انرژی هسته‌ای",
      "email": "kocrevy0@thetimes.co.uk",
      "city": "تبریز",
      "start_date": "1401/09/23",
      "salary": "23896.35 تومان",
      "age": "61",
      "experience": "1 سال",
      "status": 2
    },
    {
      "id": 2,
      "avatar": "1.png",
      "full_name": "استیو راجرز",
      "post": "مسئول کنترل کیفیت",
      "email": "bcoulman1@yolasite.com",
      "city": "تهران",
      "start_date": "1401/05/20",
      "salary": "13633.69 تومان",
      "age": "63",
      "experience": "3 سال",
      "status": 2
    },
    {
      "id": 3,
      "avatar": "9.png",
      "full_name": "بیل گیتس",
      "post": "متصدی",
      "email": "sganderton2@tuttocitta.it",
      "city": "مشهد",
      "start_date": "1401/03/24",
      "salary": "13076.28 تومان",
      "age": "66",
      "experience": "6 سال",
      "status": 5
    },
    {
      "id": 4,
      "avatar": "10.png",
      "full_name": "ایلان ماسک",
      "post": "مدیر هزینه",
      "email": "dcrossman3@google.co.jp",
      "city": "اصفهان",
      "start_date": "1401/12/03",
      "salary": "12336.17 تومان",
      "age": "22",
      "experience": "2 سال",
      "status": 2
    },
    {
      "id": 5,
      "avatar": "",
      "full_name": "جف بزوس",
      "post": "مدیر هزینه ارشد",
      "email": "hnisius4@gnu.org",
      "city": "شیراز",
      "start_date": "1401/08/25",
      "salary": "10909.52 تومان",
      "age": "33",
      "experience": "3 سال",
      "status": 2
    },
    {
      "id": 6,
      "avatar": "",
      "full_name": "استیو جابز",
      "post": "زمین شناس",
      "email": "ghoneywood5@narod.ru",
      "city": "سنندج",
      "start_date": "1401/06/01",
      "salary": "17803.80 تومان",
      "age": "61",
      "experience": "1 سال",
      "status": 1
    },
    {
      "id": 7,
      "avatar": "",
      "full_name": "دیوید بکهام",
      "post": "متخصص محیط",
      "email": "ediehn6@163.com",
      "city": "زنجان",
      "start_date": "1401/10/15",
      "salary": "18991.67 تومان",
      "age": "59",
      "experience": "9 سال",
      "status": 3
    },
    {
      "id": 8,
      "avatar": "9.png",
      "full_name": "کریس رونالدو",
      "post": "مدیر فروش ارشد",
      "email": "raldren7@mtv.com",
      "city": "کرج",
      "start_date": "1401/11/05",
      "salary": "19230.13 تومان",
      "age": "55",
      "experience": "5 سال",
      "status": 3
    },
    {
      "id": 9,
      "avatar": "2.png",
      "full_name": "پیتر پارکر",
      "post": "تکنسین ایمنی",
      "email": "amoakler8@shareasale.com",
      "city": "ساری",
      "start_date": "1401/12/29",
      "salary": "11677.32 تومان",
      "age": "39",
      "experience": "9 سال",
      "status": 5
    },
    {
      "id": 10,
      "avatar": "9.png",
      "full_name": "روبرتو کارلوس",
      "post": "مدیر اجرایی",
      "email": "mpenhalewick9@php.net",
      "city": "رشت",
      "start_date": "1401/04/19",
      "salary": "15939.52 تومان",
      "age": "23",
      "experience": "3 سال",
      "status": 2
    },
    {
      "id": 11,
      "avatar": "",
      "full_name": "لیونل مسی",
      "post": "مسئول فروش",
      "email": "dfalloona@ifeng.com",
      "city": "ارومیه",
      "start_date": "1401/06/12",
      "salary": "19252.12 تومان",
      "age": "30",
      "experience": "0 سال",
      "status": 4
    },
    {
      "id": 12,
      "avatar": "",
      "full_name": "اولیور کوئین",
      "post": "مدیر فروش ارشد",
      "email": "cgornalb@fda.gov",
      "city": "اردبیل",
      "start_date": "1401/12/09",
      "salary": "16745.47 تومان",
      "age": "22",
      "experience": "2 سال",
      "status": 4
    },
    {
      "id": 13,
      "avatar": "",
      "full_name": "بری الن",
      "post": "حسابدار کارکنان",
      "email": "tbalfc@sina.com.cn",
      "city": "بندرعباس",
      "start_date": "1401/01/21",
      "salary": "15488.53 تومان",
      "age": "36",
      "experience": "6 سال",
      "status": 4
    },
    {
      "id": 14,
      "avatar": "",
      "full_name": "جان دیگل",
      "post": "دانش یار",
      "email": "oextilld@theatlantic.com",
      "city": "آبادان",
      "start_date": "1401/02/01",
      "salary": "18442.34 تومان",
      "age": "43",
      "experience": "3 سال",
      "status": 2
    },
    {
      "id": 15,
      "avatar": "",
      "full_name": "امیلیا کلارک",
      "post": "مشاور مدیریت",
      "email": "wbourtone@sakura.ne.jp",
      "city": "کرمان",
      "start_date": "1401/04/25",
      "salary": "13304.45 تومان",
      "age": "19",
      "experience": "9 سال",
      "status": 5
    },
    {
      "id": 16,
      "avatar": "4.png",
      "full_name": "بروس وین",
      "post": "مدیر اصلی",
      "email": "rbrazenorf@symantec.com",
      "city": "همدان",
      "start_date": "1401/12/23",
      "salary": "11953.08 تومان",
      "age": "66",
      "experience": "6 سال",
      "status": 5
    },
    {
      "id": 17,
      "avatar": "",
      "full_name": "جسیکا آلبا",
      "post": "تکنولوژی محیطی",
      "email": "nbettensong@joomla.org",
      "city": "سمنان",
      "start_date": "1401/07/11",
      "salary": "20484.44 تومان",
      "age": "64",
      "experience": "4 سال",
      "status": 1
    },
    {
      "id": 18,
      "avatar": "",
      "full_name": "تام کروز",
      "post": "طراح وب",
      "email": "thayneh@kickstarter.com",
      "city": "کرمانشاه",
      "start_date": "1401/05/25",
      "salary": "16871.48 تومان",
      "age": "59",
      "experience": "9 سال",
      "status": 1
    },
    {
      "id": 19,
      "avatar": "5.png",
      "full_name": "برد پیت",
      "post": "مشاور مدیریت",
      "email": "rhucki@ed.gov",
      "city": "رباط کریم",
      "start_date": "1401/04/04",
      "salary": "19653.56 تومان",
      "age": "41",
      "experience": "1 سال",
      "status": 4
    },
    {
      "id": 20,
      "avatar": "7.png",
      "full_name": "جانی دپ",
      "post": "آمارگیر",
      "email": "llewteyj@sun.com",
      "city": "ماکو",
      "start_date": "1401/08/03",
      "salary": "18303.87 تومان",
      "age": "35",
      "experience": "5 سال",
      "status": 1
    },
    {
      "id": 21,
      "avatar": "",
      "full_name": "تونی استارک",
      "post": "مهندس نرم افزار",
      "email": "ntynek@merriam-webster.com",
      "city": "خرم آباد",
      "start_date": "1401/03/16",
      "salary": "15256.40 تومان",
      "age": "30",
      "experience": "0 سال",
      "status": 2
    },
    {
      "id": 22,
      "avatar": "",
      "full_name": "استیو راجرز",
      "post": "مدیر طراحی مدار",
      "email": "fjosefsenl@samsung.com",
      "city": "اصفهان",
      "start_date": "1401/07/08",
      "salary": "11209.16 تومان",
      "age": "40",
      "experience": "0 سال",
      "status": 3
    },
    {
      "id": 23,
      "avatar": "9.png",
      "full_name": "دیوید بکهام",
      "post": "مشاور طراحی رسانه",
      "email": "rsteedm@xing.com",
      "city": "بندر انزلی",
      "start_date": "1401/12/23",
      "salary": "13778.34 تومان",
      "age": "21",
      "experience": "1 سال",
      "status": 5
    },
    {
      "id": 24,
      "avatar": "",
      "full_name": "روبرتو کارلوس",
      "post": "طراح گرافیک",
      "email": "sjirann@simplemachines.org",
      "city": "سهند",
      "start_date": "1401/05/26",
      "salary": "23081.71 تومان",
      "age": "23",
      "experience": "3 سال",
      "status": 1
    },
    {
      "id": 25,
      "avatar": "",
      "full_name": "پیتر پارکر",
      "post": "حسابدار",
      "email": "cmedlingo@hp.com",
      "city": "گرگان",
      "start_date": "1401/07/31",
      "salary": "13602.24 تومان",
      "age": "47",
      "experience": "7 سال",
      "status": 3
    },
    {
      "id": 26,
      "avatar": "2.png",
      "full_name": "لورم ایپسوم",
      "post": "مدیر فروش ارشد",
      "email": "mbenesp@ted.com",
      "city": "دزفول",
      "start_date": "1401/04/10",
      "salary": "16969.63 تومان",
      "age": "42",
      "experience": "2 سال",
      "status": 4
    },
    {
      "id": 27,
      "avatar": "",
      "full_name": "لورم ایپسوم",
      "post": "مهندس شهری",
      "email": "odoughtonq@aboutads.info",
      "city": "مشکین شهر",
      "start_date": "1401/09/29",
      "salary": "23796.62 تومان",
      "age": "28",
      "experience": "8 سال",
      "status": 3
    },
    {
      "id": 28,
      "avatar": "",
      "full_name": "لورم ایپسوم",
      "post": "مهندس طراحی ارشد",
      "email": "kmcginneyr@paginegialle.it",
      "city": "قزوین",
      "start_date": "1401/07/09",
      "salary": "24027.81 تومان",
      "age": "28",
      "experience": "8 سال",
      "status": 4
    },
    {
      "id": 29,
      "avatar": "",
      "full_name": "لورم ایپسوم",
      "post": "حسابدار مالیات",
      "email": "dbridglands@odnoklassniki.ru",
      "city": "ایلام",
      "start_date": "1401/07/17",
      "salary": "13508.15 تومان",
      "age": "48",
      "experience": "8 سال",
      "status": 3
    },
    {
      "id": 30,
      "avatar": "6.png",
      "full_name": "لورم ایپسوم",
      "post": "زیست شناس",
      "email": "gmcfadet@irs.gov",
      "city": "بوشهر",
      "start_date": "1401/08/28",
      "salary": "21632.30 تومان",
      "age": "20",
      "experience": "0 سال",
      "status": 2
    },
    {
      "id": 31,
      "avatar": "",
      "full_name": "لورم ایپسوم",
      "post": "ویرایشگر ارشد",
      "email": "tbleakmanu@phpbb.com",
      "city": "شهرکرد",
      "start_date": "1401/09/03",
      "salary": "24875.41 تومان",
      "age": "37",
      "experience": "7 سال",
      "status": 5
    },
    {
      "id": 32,
      "avatar": "",
      "full_name": "لورم ایپسوم",
      "post": "تکنسین ایمنی",
      "email": "malleburtonv@amazon.com",
      "city": "اهواز",
      "start_date": "1401/06/02",
      "salary": "23888.98 تومان",
      "age": "53",
      "experience": "3 سال",
      "status": 2
    },
    {
      "id": 33,
      "avatar": "7.png",
      "full_name": "لورم ایپسوم",
      "post": "متخصص محیط",
      "email": "adew@etsy.com",
      "city": "بجنورد",
      "start_date": "1401/09/30",
      "salary": "14082.44 تومان",
      "age": "27",
      "experience": "7 سال",
      "status": 5
    },
    {
      "id": 34,
      "avatar": "6.png",
      "full_name": "تونی استارک",
      "post": "برنامه نویس",
      "email": "cchatresx@goo.gl",
      "city": "زاهدان",
      "start_date": "1401/04/07",
      "salary": "21386.52 تومان",
      "age": "22",
      "experience": "2 سال",
      "status": 3
    },
    {
      "id": 35,
      "avatar": "1.png",
      "full_name": "لورم ایپسوم",
      "post": "مشاور مالی",
      "email": "nhugonnety@wufoo.com",
      "city": "قم",
      "start_date": "1401/09/11",
      "salary": "13835.97 تومان",
      "age": "46",
      "experience": "6 سال",
      "status": 4
    },
    {
      "id": 36,
      "avatar": "",
      "full_name": "لورم ایپسوم",
      "post": "مسئول پرداخت",
      "email": "lhearsumz@google.co.uk",
      "city": "یاسوج",
      "start_date": "1401/03/05",
      "salary": "22093.91 تومان",
      "age": "47",
      "experience": "7 سال",
      "status": 4
    },
    {
      "id": 37,
      "avatar": "8.png",
      "full_name": "لورم ایپسوم",
      "post": "متخصص محیط",
      "email": "shaborn10@about.com",
      "city": "اراک",
      "start_date": "1401/11/10",
      "salary": "24624.23 تومان",
      "age": "51",
      "experience": "1 سال",
      "status": 3
    },
    {
      "id": 38,
      "avatar": "3.png",
      "full_name": "لورم ایپسوم",
      "post": "مشاور مدیریت",
      "email": "aharvatt11@addtoany.com",
      "city": "لورم ایپسوم",
      "start_date": "1401/11/04",
      "salary": "21782.82 تومان",
      "age": "41",
      "experience": "1 سال",
      "status": 1
    },
    {
      "id": 39,
      "avatar": "2.png",
      "full_name": "لورم ایپسوم",
      "post": "مسئول کنترل کیفیت",
      "email": "blongland12@gizmodo.com",
      "city": "لورم ایپسوم",
      "start_date": "1401/07/18",
      "salary": "22794.60 تومان",
      "age": "62",
      "experience": "2 سال",
      "status": 2
    },
    {
      "id": 40,
      "avatar": "4.png",
      "full_name": "لورم ایپسوم",
      "post": "مدیر پروژه",
      "email": "hcondell13@tiny.cc",
      "city": "لورم ایپسوم",
      "start_date": "1401/11/04",
      "salary": "10872.83 تومان",
      "age": "37",
      "experience": "7 سال",
      "status": 4
    },
    {
      "id": 41,
      "avatar": "",
      "full_name": "لورم ایپسوم",
      "post": "نویسنده تکنیکال",
      "email": "pbice14@ameblo.jp",
      "city": "لورم ایپسوم",
      "start_date": "1401/03/02",
      "salary": "17471.92 تومان",
      "age": "65",
      "experience": "5 سال",
      "status": 5
    },
    {
      "id": 42,
      "avatar": "",
      "full_name": "لورم ایپسوم",
      "post": "زیست شناس",
      "email": "lorsi15@wp.com",
      "city": "لورم ایپسوم",
      "start_date": "1401/12/10",
      "salary": "24719.51 تومان",
      "age": "64",
      "experience": "4 سال",
      "status": 1
    },
    {
      "id": 43,
      "avatar": "10.png",
      "full_name": "لورم ایپسوم",
      "post": "تکنولوژی محیطی",
      "email": "dchaplyn16@nymag.com",
      "city": "لورم ایپسوم",
      "start_date": "1401/01/23",
      "salary": "11958.33 تومان",
      "age": "38",
      "experience": "8 سال",
      "status": 2
    },
    {
      "id": 44,
      "avatar": "",
      "full_name": "لورم ایپسوم",
      "post": "مدیر منابع انسانی",
      "email": "wbygraves17@howstuffworks.com",
      "city": "لورم ایپسوم",
      "start_date": "1401/09/07",
      "salary": "10552.43 تومان",
      "age": "37",
      "experience": "7 سال",
      "status": 1
    },
    {
      "id": 45,
      "avatar": "7.png",
      "full_name": "لورم ایپسوم",
      "post": "متصدی",
      "email": "mbodechon18@1und1.de",
      "city": "لورم ایپسوم",
      "start_date": "1401/07/23",
      "salary": "23024.28 تومان",
      "age": "61",
      "experience": "1 سال",
      "status": 4
    },
    {
      "id": 46,
      "avatar": "1.png",
      "full_name": "لورم ایپسوم",
      "post": "مدیر استخدام",
      "email": "mde19@purevolume.com",
      "city": "لورم ایپسوم",
      "start_date": "1401/02/10",
      "salary": "10409.90 تومان",
      "age": "47",
      "experience": "7 سال",
      "status": 5
    },
    {
      "id": 47,
      "avatar": "5.png",
      "full_name": "لورم ایپسوم",
      "post": "مدیر هزینه",
      "email": "hchatelot1a@usatoday.com",
      "city": "لورم ایپسوم",
      "start_date": "1401/11/23",
      "salary": "11446.30 تومان",
      "age": "64",
      "experience": "4 سال",
      "status": 4
    },
    {
      "id": 48,
      "avatar": "",
      "full_name": "لورم ایپسوم",
      "post": "پرستار دارای مجوز",
      "email": "gmccrum1b@icio.us",
      "city": "لورم ایپسوم",
      "start_date": "1401/04/19",
      "salary": "14002.31 تومان",
      "age": "63",
      "experience": "3 سال",
      "status": 1
    },
    {
      "id": 49,
      "avatar": "8.png",
      "full_name": "لورم ایپسوم",
      "post": "حسابدار صنعتی",
      "email": "kstilldale1c@chronoengine.com",
      "city": "لورم ایپسوم",
      "start_date": "1401/03/18",
      "salary": "10704.29 تومان",
      "age": "56",
      "experience": "6 سال",
      "status": 1
    },
    {
      "id": 50,
      "avatar": "4.png",
      "full_name": "لورم ایپسوم",
      "post": "دستیار تحقیق",
      "email": "mumbert1d@digg.com",
      "city": "لورم ایپسوم",
      "start_date": "1401/05/13",
      "salary": "21813.54 تومان",
      "age": "43",
      "experience": "3 سال",
      "status": 1
    },
    {
      "id": 51,
      "avatar": "",
      "full_name": "لورم ایپسوم",
      "post": "طراح گرافیک",
      "email": "edixsee1e@unblog.fr",
      "city": "لورم ایپسوم",
      "start_date": "1401/04/23",
      "salary": "18053.11 تومان",
      "age": "46",
      "experience": "6 سال",
      "status": 3
    },
    {
      "id": 52,
      "avatar": "9.png",
      "full_name": "لورم ایپسوم",
      "post": "مسئول کنترل کیفیت",
      "email": "tdavydoch1f@examiner.com",
      "city": "لورم ایپسوم",
      "start_date": "1401/04/19",
      "salary": "17617.08 تومان",
      "age": "47",
      "experience": "7 سال",
      "status": 3
    },
    {
      "id": 53,
      "avatar": "",
      "full_name": "لورم ایپسوم",
      "post": "تکنسین ایمنی",
      "email": "brodolico1g@sciencedirect.com",
      "city": "لورم ایپسوم",
      "start_date": "1401/10/06",
      "salary": "18866.55 تومان",
      "age": "21",
      "experience": "1 سال",
      "status": 5
    },
    {
      "id": 54,
      "avatar": "",
      "full_name": "لورم ایپسوم",
      "post": "تحلیل‌گر جبران خسارت",
      "email": "mpennings1h@bizjournals.com",
      "city": "لورم ایپسوم",
      "start_date": "1401/06/15",
      "salary": "13722.18 تومان",
      "age": "30",
      "experience": "0 سال",
      "status": 3
    },
    {
      "id": 55,
      "avatar": "",
      "full_name": "لورم ایپسوم",
      "post": "مهندس کیفیتity Engineer",
      "email": "tocorr1i@nyu.edu",
      "city": "لورم ایپسوم",
      "start_date": "1401/09/26",
      "salary": "15228.80 تومان",
      "age": "51",
      "experience": "1 سال",
      "status": 1
    },
    {
      "id": 56,
      "avatar": "1.png",
      "full_name": "لورم ایپسوم",
      "post": "مدیر هزینه",
      "email": "cpoyle1j@amazon.com",
      "city": "لورم ایپسوم",
      "start_date": "1401/01/03",
      "salary": "13951.96 تومان",
      "age": "29",
      "experience": "9 سال",
      "status": 1
    },
    {
      "id": 57,
      "avatar": "6.png",
      "full_name": "لورم ایپسوم",
      "post": "مدیر منابع انسانی",
      "email": "nstoller1k@noaa.gov",
      "city": "لورم ایپسوم",
      "start_date": "1401/02/04",
      "salary": "15100.00 تومان",
      "age": "27",
      "experience": "7 سال",
      "status": 4
    },
    {
      "id": 58,
      "avatar": "",
      "full_name": "لورم ایپسوم",
      "post": "مدیر سیستم",
      "email": "wsomerlie1l@accuweather.com",
      "city": "لورم ایپسوم",
      "start_date": "1401/04/22",
      "salary": "20023.52 تومان",
      "age": "28",
      "experience": "9 سال",
      "status": 5
    },
    {
      "id": 59,
      "avatar": "",
      "full_name": "لورم ایپسوم",
      "post": "زمین شناس",
      "email": "fgeorgeon1m@nhs.uk",
      "city": "لورم ایپسوم",
      "start_date": "1401/04/08",
      "salary": "12630.26 تومان",
      "age": "28",
      "experience": "1 سال",
      "status": 2
    },
    {
      "id": 60,
      "avatar": "",
      "full_name": "لورم ایپسوم",
      "post": "تکنسین پشتیبانی",
      "email": "jauten1n@foxnews.com",
      "city": "لورم ایپسوم",
      "start_date": "1401/08/13",
      "salary": "13870.62 تومان",
      "age": "48",
      "experience": "5 سال",
      "status": 4
    },
    {
      "id": 61,
      "avatar": "3.png",
      "full_name": "لورم ایپسوم",
      "post": "مهندس سیستم های مکانیکی",
      "email": "ndacres1o@apache.org",
      "city": "لورم ایپسوم",
      "start_date": "1401/11/06",
      "salary": "18220.51 تومان",
      "age": "20",
      "experience": "0 سال",
      "status": 3
    },
    {
      "id": 62,
      "avatar": "1.png",
      "full_name": "لورم ایپسوم",
      "post": "مدیر اجرایی",
      "email": "hedgworth1p@craigslist.org",
      "city": "لورم ایپسوم",
      "start_date": "1401/08/05",
      "salary": "13999.88 تومان",
      "age": "37",
      "experience": "0 سال",
      "status": 5
    },
    {
      "id": 63,
      "avatar": "9.png",
      "full_name": "لورم ایپسوم",
      "post": "شیمی مواد غذایی",
      "email": "hcroft1q@desdev.cn",
      "city": "لورم ایپسوم",
      "start_date": "1401/09/12",
      "salary": "11049.79 تومان",
      "age": "53",
      "experience": "1 سال",
      "status": 5
    },
    {
      "id": 64,
      "avatar": "",
      "full_name": "لورم ایپسوم",
      "post": "حسابدار کارکنان",
      "email": "aglozman1r@storify.com",
      "city": "لورم ایپسوم",
      "start_date": "1401/08/25",
      "salary": "10745.32 تومان",
      "age": "27",
      "experience": "3 سال",
      "status": 5
    },
    {
      "id": 65,
      "avatar": "",
      "full_name": "لورم ایپسوم",
      "post": "مربی سلامتی",
      "email": "ccervantes1s@de.vu",
      "city": "لورم ایپسوم",
      "start_date": "1401/05/24",
      "salary": "24769.08 تومان",
      "age": "22",
      "experience": "7 سال",
      "status": 1
    },
    {
      "id": 66,
      "avatar": "9.png",
      "full_name": "لورم ایپسوم",
      "post": "زمین شناس",
      "email": "ckiley1t@buzzfeed.com",
      "city": "لورم ایپسوم",
      "start_date": "1401/02/27",
      "salary": "16053.15 تومان",
      "age": "46",
      "experience": "2 سال",
      "status": 1
    },
    {
      "id": 67,
      "avatar": "7.png",
      "full_name": "لورم ایپسوم",
      "post": "مسئول فروش",
      "email": "ssiebert1u@domainmarket.com",
      "city": "لورم ایپسوم",
      "start_date": "1401/09/23",
      "salary": "23347.17 تومان",
      "age": "47",
      "experience": "8 سال",
      "status": 5
    },
    {
      "id": 68,
      "avatar": "",
      "full_name": "لورم ایپسوم",
      "post": "مسئول پرداخت",
      "email": "sibberson1v@virginia.edu",
      "city": "لورم ایپسوم",
      "start_date": "1401/11/01",
      "salary": "15658.40 تومان",
      "age": "51",
      "experience": "8 سال",
      "status": 1
    },
    {
      "id": 69,
      "avatar": "7.png",
      "full_name": "لورم ایپسوم",
      "post": "مشاور فیزیوتراپی",
      "email": "rrentcome1w@youtu.be",
      "city": "لورم ایپسوم",
      "start_date": "1401/07/15",
      "salary": "15396.66 تومان",
      "age": "41",
      "experience": "8 سال",
      "status": 2
    },
    {
      "id": 70,
      "avatar": "",
      "full_name": "لورم ایپسوم",
      "post": "مهندس شیمی",
      "email": "cbirrane1x@google.com.br",
      "city": "لورم ایپسوم",
      "start_date": "1401/05/22",
      "salary": "15823.40 تومان",
      "age": "62",
      "experience": "0 سال",
      "status": 5
    },
    {
      "id": 71,
      "avatar": "",
      "full_name": "لورم ایپسوم",
      "post": "مدیر منابع انسانی",
      "email": "gtesyro1y@last.fm",
      "city": "لورم ایپسوم",
      "start_date": "1401/01/27",
      "salary": "19051.25 تومان",
      "age": "37",
      "experience": "7 سال",
      "status": 1
    },
    {
      "id": 72,
      "avatar": "",
      "full_name": "لورم ایپسوم",
      "post": "مهندس زمین شناسی",
      "email": "bhazard1z@over-blog.com",
      "city": "لورم ایپسوم",
      "start_date": "1401/01/17",
      "salary": "11632.84 تومان",
      "age": "65",
      "experience": "3 سال",
      "status": 4
    },
    {
      "id": 73,
      "avatar": "5.png",
      "full_name": "لورم ایپسوم",
      "post": "مسئول فروش",
      "email": "amacelholm20@printfriendly.com",
      "city": "لورم ایپسوم",
      "start_date": "1401/11/17",
      "salary": "16741.31 تومان",
      "age": "64",
      "experience": "7 سال",
      "status": 2
    },
    {
      "id": 74,
      "avatar": "2.png",
      "full_name": "لورم ایپسوم",
      "post": "مهندس کیفیت ارشد",
      "email": "lwitherdon21@storify.com",
      "city": "لورم ایپسوم",
      "start_date": "1401/09/26",
      "salary": "19387.76 تومان",
      "age": "38",
      "experience": "2 سال",
      "status": 3
    },
    {
      "id": 75,
      "avatar": "",
      "full_name": "لورم ایپسوم",
      "post": "طراح وب",
      "email": "ppeasegod22@slideshare.net",
      "city": "لورم ایپسوم",
      "start_date": "1401/05/21",
      "salary": "24014.04 تومان",
      "age": "59",
      "experience": "6 سال",
      "status": 3
    },
    {
      "id": 76,
      "avatar": "",
      "full_name": "لورم ایپسوم",
      "post": "مهندس تحلیل سازه",
      "email": "ewatkinson23@blogspot.com",
      "city": "لورم ایپسوم",
      "start_date": "1401/09/30",
      "salary": "14493.51 تومان",
      "age": "55",
      "experience": "7 سال",
      "status": 1
    },
    {
      "id": 77,
      "avatar": "10.png",
      "full_name": "بیل گیتس",
      "post": "برنامه نویس",
      "email": "bskirving24@cbsnews.com",
      "city": "اصفهان",
      "start_date": "1401/09/27",
      "salary": "24733.28 تومان",
      "age": "39",
      "experience": "1 سال",
      "status": 4
    },
    {
      "id": 78,
      "avatar": "",
      "full_name": "لورم ایپسوم",
      "post": "مشاور مالی",
      "email": "sondracek25@plala.or.jp",
      "city": "لورم ایپسوم",
      "start_date": "1401/03/28",
      "salary": "21922.17 تومان",
      "age": "23",
      "experience": "1 سال",
      "status": 3
    },
    {
      "id": 79,
      "avatar": "9.png",
      "full_name": "لورم ایپسوم",
      "post": "همکار فروش",
      "email": "smelloy26@fastcompany.com",
      "city": "لورم ایپسوم",
      "start_date": "1401/04/13",
      "salary": "16944.42 تومان",
      "age": "30",
      "experience": "2 سال",
      "status": 2
    },
    {
      "id": 80,
      "avatar": "",
      "full_name": "لورم ایپسوم",
      "post": "مشاور حقوقی",
      "email": "seisikovitsh27@usgs.gov",
      "city": "لورم ایپسوم",
      "start_date": "1401/05/28",
      "salary": "21963.69 تومان",
      "age": "22",
      "experience": "7 سال",
      "status": 1
    },
    {
      "id": 81,
      "avatar": "2.png",
      "full_name": "لورم ایپسوم",
      "post": "طراح وب",
      "email": "twattins28@statcounter.com",
      "city": "لورم ایپسوم",
      "start_date": "1401/08/07",
      "salary": "16049.93 تومان",
      "age": "36",
      "experience": "5 سال",
      "status": 2
    },
    {
      "id": 82,
      "avatar": "8.png",
      "full_name": "لورم ایپسوم",
      "post": "نویسنده تکنیکال",
      "email": "aquail29@prlog.org",
      "city": "لورم ایپسوم",
      "start_date": "1401/02/11",
      "salary": "24137.29 تومان",
      "age": "43",
      "experience": "4 سال",
      "status": 4
    },
    {
      "id": 83,
      "avatar": "",
      "full_name": "لورم ایپسوم",
      "post": "همکار تحقیق",
      "email": "mgilogly2a@elpais.com",
      "city": "لورم ایپسوم",
      "start_date": "1401/05/13",
      "salary": "10089.96 تومان",
      "age": "19",
      "experience": "8 سال",
      "status": 4
    },
    {
      "id": 84,
      "avatar": "5.png",
      "full_name": "استیو جابز",
      "post": "برنامه نویس",
      "email": "hlangthorne2b@stumbleupon.com",
      "city": "مشهد",
      "start_date": "1401/11/11",
      "salary": "14227.10 تومان",
      "age": "21",
      "experience": "7 سال",
      "status": 3
    },
    {
      "id": 85,
      "avatar": "",
      "full_name": "لورم ایپسوم",
      "post": "پرستار دارای مجوز",
      "email": "rgimblet2c@1688.com",
      "city": "لورم ایپسوم",
      "start_date": "1401/03/28",
      "salary": "19562.59 تومان",
      "age": "30",
      "experience": "1 سال",
      "status": 2
    },
    {
      "id": 86,
      "avatar": "4.png",
      "full_name": "دیوید بکهام",
      "post": "برنامه نویس",
      "email": "lpaszak2d@behance.net",
      "city": "اردبیل",
      "start_date": "1401/04/25",
      "salary": "17178.86 تومان",
      "age": "51",
      "experience": "7 سال",
      "status": 5
    },
    {
      "id": 87,
      "avatar": "",
      "full_name": "لورل لنس",
      "post": "تحلیلگر سیستم های کامپیوتری",
      "email": "griolfi2e@drupal.org",
      "city": "لورم ایپسوم",
      "start_date": "1401/06/18",
      "salary": "15089.83 تومان",
      "age": "29",
      "experience": "4 سال",
      "status": 3
    },
    {
      "id": 88,
      "avatar": "",
      "full_name": "استیو جابز",
      "post": "حسابدار کارکنان",
      "email": "jmorgan2f@nifty.com",
      "city": "تبریز",
      "start_date": "1401/01/17",
      "salary": "18330.72 تومان",
      "age": "27",
      "experience": "3 سال",
      "status": 1
    },
    {
      "id": 89,
      "avatar": "10.png",
      "full_name": "بیل گیتس",
      "post": "شیمی مواد غذایی",
      "email": "tbrandon2g@ucoz.com",
      "city": "لورم ایپسوم",
      "start_date": "1401/10/08",
      "salary": "16284.64 تومان",
      "age": "28",
      "experience": "6 سال",
      "status": 1
    },
    {
      "id": 90,
      "avatar": "6.png",
      "full_name": "برد پیت",
      "post": "استخدام کننده",
      "email": "rshay2h@tumblr.com",
      "city": "تبریز",
      "start_date": "1401/03/15",
      "salary": "18523.75 تومان",
      "age": "28",
      "experience": "3 سال",
      "status": 1
    },
    {
      "id": 91,
      "avatar": "",
      "full_name": "تام کروز",
      "post": "مدیر هزینه ارشد",
      "email": "jbartosik2i@state.gov",
      "city": "لورم ایپسوم",
      "start_date": "1401/02/06",
      "salary": "17607.66 تومان",
      "age": "48",
      "experience": "6 سال",
      "status": 3
    },
    {
      "id": 92,
      "avatar": "3.png",
      "full_name": "روبرتو کارلوس",
      "post": "استخدام کننده",
      "email": "yemberton2j@blog.com",
      "city": "تهران",
      "start_date": "1401/02/13",
      "salary": "17550.18 تومان",
      "age": "20",
      "experience": "1 سال",
      "status": 4
    },
    {
      "id": 93,
      "avatar": "8.png",
      "full_name": "بورس وین",
      "post": "کارگر اجتماعی",
      "email": "dfaichnie2k@weather.com",
      "city": "لورم ایپسوم",
      "start_date": "1401/07/29",
      "salary": "18469.35 تومان",
      "age": "37",
      "experience": "3 سال",
      "status": 4
    },
    {
      "id": 94,
      "avatar": "",
      "full_name": "اولیور کوئین",
      "post": "مشاور نرم افزار",
      "email": "rhasted2l@hexun.com",
      "city": "لورم ایپسوم",
      "start_date": "1401/07/04",
      "salary": "24866.66 تومان",
      "age": "53",
      "experience": "7 سال",
      "status": 4
    },
    {
      "id": 95,
      "avatar": "2.png",
      "full_name": "پیتر پارکر",
      "post": "مشاور منابع انسانی",
      "email": "eebsworth2m@sbwire.com",
      "city": "لورم ایپسوم",
      "start_date": "1401/09/27",
      "salary": "19586.23 تومان",
      "age": "27",
      "experience": "2 سال",
      "status": 1
    },
    {
      "id": 96,
      "avatar": "",
      "full_name": "دیوید بکهام",
      "post": "حسابدار مالیات",
      "email": "abeslier2n@zimbio.com",
      "city": "لورم ایپسوم",
      "start_date": "1401/04/16",
      "salary": "19366.53 تومان",
      "age": "22",
      "experience": "8 سال",
      "status": 4
    },
    {
      "id": 97,
      "avatar": "",
      "full_name": "ایلان ماسک",
      "post": "متخصص کنترل کیفیت",
      "email": "rpeckett2o@timesonline.co.uk",
      "city": "لورم ایپسوم",
      "start_date": "1401/05/20",
      "salary": "16619.40 تومان",
      "age": "46",
      "experience": "8 سال",
      "status": 4
    },
    {
      "id": 98,
      "avatar": "7.png",
      "full_name": "استیو راجرز",
      "post": "مشاور حقوقی",
      "email": "ogudgin2p@gizmodo.com",
      "city": "مشهد",
      "start_date": "1401/04/09",
      "salary": "15211.60 تومان",
      "age": "47",
      "experience": "8 سال",
      "status": 2
    },
    {
      "id": 99,
      "avatar": "10.png",
      "full_name": "تونی استارک",
      "post": "مدیر هزینه",
      "email": "ecarnock2q@washington.edu",
      "city": "لورم ایپسوم",
      "start_date": "1401/01/26",
      "salary": "23704.82 تومان",
      "age": "51",
      "experience": "0 سال",
      "status": 4
    },
    {
      "id": 100,
      "avatar": "",
      "full_name": "امیلیا کلارک",
      "post": "مهندس آزمایش نرم افزار",
      "email": "ggiacoppo2r@apache.org",
      "city": "شیراز",
      "start_date": "1401/04/15",
      "salary": "24973.48 تومان",
      "age": "41",
      "experience": "7 سال",
      "status": 2
    }
  ]
}