{
  "data": [
    {
      "id": 1,
      "project_img": "xd-label.png",
      "project_leader": "آلفرد",
      "project_name": "طراحی برنامه",
      "team": [
        "1.png",
        "3.png",
        "4.png"
      ],
      "date": "09 فروردین 1401",
      "status": "89%"
    },
    {
      "id": 2,
      "project_img": "react-label.png",
      "project_leader": "جورج",
      "project_name": "ایجاد وب سایت",
      "team": [
        "2.png",
        "6.png",
        "5.png",
        "3.png"
      ],
      "date": "20 اردیبهشت 1401",
      "status": "72%"
    },
    {
      "id": 3,
      "project_img": "social-label.png",
      "project_leader": "پیتر",
      "project_name": "بنرهای اجتماعی",
      "team": [
        "11.png",
        "10.png"
      ],
      "date": "03 خرداد 1401",
      "status": "45%"
    },
    {
      "id": 4,
      "project_img": "sketch-label.png",
      "project_leader": "کیت",
      "project_name": "طراحی لوگو",
      "team": [
        "5.png",
        "7.png",
        "12.png",
        "4.png"
      ],
      "date": "12 تیر 1401",
      "status": "92%"
    },
    {
      "id": 5,
      "project_img": "figma-label.png",
      "project_leader": "تونی",
      "project_name": "داشبورد فیگما",
      "team": [
        "9.png",
        "2.png",
        "4.png"
      ],
      "date": "08 مرداد 1401",
      "status": "25%"
    },
    {
      "id": 6,
      "project_img": "vue-label.png",
      "project_leader": "استیو",
      "project_name": "قالب مدیریت",
      "team": [
        "11.png",
        "13.png",
        "7.png",
        "6.png"
      ],
      "date": "06 شهریور 1401",
      "status": "100%"
    },
    {
      "id": 7,
      "project_img": "",
      "project_leader": "لورل",
      "project_name": "سئوی وب سایت",
      "team": [
        "10.png",
        "3.png",
        "2.png",
        "8.png"
      ],
      "date": "10 مهر 1401",
      "status": "38%"
    },
    {
      "id": 8,
      "project_img": "xd-label.png",
      "project_leader": "ریکاردو",
      "project_name": "API های انگولار",
      "team": [
        "4.png",
        "13.png",
        "10.png",
        "3.png"
      ],
      "date": "17 آبان 1401",
      "status": "77%"
    },
    {
      "id": 9,
      "project_img": "html-label.png",
      "project_leader": "روبرت",
      "project_name": "مدیریت کریپتو",
      "team": [
        "7.png",
        "3.png",
        "7.png",
        "2.png"
      ],
      "date": "29 آدر 1401",
      "status": "36%"
    },
    {
      "id": 10,
      "project_img": "sketch-label.png",
      "project_leader": "جانی",
      "project_name": "طراحی برنامه IOS",
      "team": [
        "2.png",
        "8.png",
        "5.png",
        "1.png"
      ],
      "date": "19 دی 1401",
      "status": "56%"
    }
  ]
}