-- phpMyAdmin SQL Dump
-- version 5.2.1
-- https://www.phpmyadmin.net/
--
-- Host: localhost
-- Generation Time: Mar 25, 2024 at 05:51 PM
-- Server version: 10.4.28-MariaDB
-- PHP Version: 8.2.4

SET SQL_MODE = "NO_AUTO_VALUE_ON_ZERO";
START TRANSACTION;
SET time_zone = "+00:00";


/*!40101 SET @OLD_CHARACTER_SET_CLIENT=@@CHARACTER_SET_CLIENT */;
/*!40101 SET @OLD_CHARACTER_SET_RESULTS=@@CHARACTER_SET_RESULTS */;
/*!40101 SET @OLD_COLLATION_CONNECTION=@@COLLATION_CONNECTION */;
/*!40101 SET NAMES utf8mb4 */;

--
-- Database: `auction-database`
--

-- --------------------------------------------------------

--
-- Table structure for table `admins`
--

CREATE TABLE `admins` (
  `id` bigint(20) UNSIGNED NOT NULL,
  `user_id` bigint(20) UNSIGNED NOT NULL,
  `role` int(11) NOT NULL DEFAULT 1 COMMENT 'admin access level',
  `created_at` timestamp NOT NULL DEFAULT current_timestamp(),
  `updated_at` timestamp NOT NULL DEFAULT current_timestamp()
) ENGINE=InnoDB DEFAULT CHARSET=utf8mb4 COLLATE=utf8mb4_unicode_ci;

--
-- Dumping data for table `admins`
--

INSERT INTO `admins` (`id`, `user_id`, `role`, `created_at`, `updated_at`) VALUES
(2, 1, 1, '2024-01-01 12:54:11', '2024-01-01 12:54:11');

-- --------------------------------------------------------

--
-- Table structure for table `auctions`
--

CREATE TABLE `auctions` (
  `id` bigint(20) UNSIGNED NOT NULL,
  `current_price` int(11) NOT NULL,
  `current_winner_id` bigint(20) UNSIGNED DEFAULT NULL,
  `no_jumper_limit` int(11) DEFAULT NULL,
  `start_time` timestamp NOT NULL DEFAULT current_timestamp(),
  `timer` timestamp NULL DEFAULT current_timestamp(),
  `min_price` int(11) NOT NULL DEFAULT 0 COMMENT 'minimum price which auction can finish otherwise wait for new order',
  `status` int(11) NOT NULL DEFAULT 1 COMMENT '1=active 0=deactive 3=finished  100=running',
  `final_winner_id` bigint(20) UNSIGNED DEFAULT NULL,
  `product_id` bigint(20) UNSIGNED NOT NULL,
  `created_at` timestamp NOT NULL DEFAULT current_timestamp(),
  `updated_at` timestamp NOT NULL DEFAULT current_timestamp()
) ENGINE=InnoDB DEFAULT CHARSET=utf8mb4 COLLATE=utf8mb4_unicode_ci;

--
-- Dumping data for table `auctions`
--

INSERT INTO `auctions` (`id`, `current_price`, `current_winner_id`, `no_jumper_limit`, `start_time`, `timer`, `min_price`, `status`, `final_winner_id`, `product_id`, `created_at`, `updated_at`) VALUES
(212, 312, 2, 70, '2024-03-20 11:45:00', '2024-03-23 10:26:57', 200, 1, NULL, 7, '2024-01-21 08:10:28', '2024-03-23 10:26:47'),
(213, 403, 2, 100000, '2024-03-20 17:15:00', '2024-03-23 14:47:40', 20, 3, NULL, 10, '2024-01-21 05:56:05', '2024-03-24 15:58:45'),
(546, 1016, 7, 100, '2024-03-19 18:45:00', '2024-03-24 16:45:38', 200, 100, NULL, 8, '2024-01-27 04:34:51', '2024-03-24 16:45:28');

-- --------------------------------------------------------

--
-- Table structure for table `bidding_history`
--

CREATE TABLE `bidding_history` (
  `id` bigint(20) UNSIGNED NOT NULL,
  `user_id` bigint(20) UNSIGNED NOT NULL,
  `auction_id` bigint(20) UNSIGNED NOT NULL,
  `category_id` bigint(20) UNSIGNED NOT NULL,
  `bid_price` int(11) NOT NULL,
  `created_at` timestamp NOT NULL DEFAULT current_timestamp()
) ENGINE=InnoDB DEFAULT CHARSET=utf8mb4 COLLATE=utf8mb4_unicode_ci;

--
-- Dumping data for table `bidding_history`
--

INSERT INTO `bidding_history` (`id`, `user_id`, `auction_id`, `category_id`, `bid_price`, `created_at`) VALUES
(1, 2, 546, 35, 77, '2024-02-18 17:37:10'),
(2, 2, 546, 35, 77, '2024-02-01 17:37:10'),
(3, 5, 546, 35, 77, '2024-02-14 17:37:10'),
(4, 2, 212, 30, 267, '2024-03-19 15:08:24'),
(5, 4, 212, 30, 268, '2024-03-19 15:08:27'),
(6, 2, 212, 30, 269, '2024-03-19 15:08:37'),
(7, 3, 212, 30, 270, '2024-03-19 15:08:48'),
(8, 2, 212, 30, 271, '2024-03-19 15:09:00'),
(9, 2, 212, 30, 272, '2024-03-19 15:09:06'),
(10, 2, 212, 30, 273, '2024-03-19 15:09:12'),
(11, 2, 212, 30, 274, '2024-03-19 15:09:38'),
(12, 2, 212, 30, 275, '2024-03-19 15:09:45'),
(13, 2, 212, 30, 276, '2024-03-19 15:09:50'),
(14, 2, 212, 30, 277, '2024-03-19 15:09:56'),
(15, 2, 212, 30, 278, '2024-03-19 15:10:01'),
(16, 2, 212, 30, 279, '2024-03-19 15:10:13'),
(17, 2, 212, 30, 280, '2024-03-19 15:18:33'),
(18, 2, 212, 30, 281, '2024-03-19 15:18:35'),
(19, 2, 212, 30, 282, '2024-03-19 15:19:48'),
(20, 2, 212, 30, 283, '2024-03-19 15:20:00'),
(21, 2, 212, 30, 284, '2024-03-19 15:20:12'),
(22, 2, 212, 30, 285, '2024-03-19 15:20:24'),
(23, 2, 212, 30, 286, '2024-03-19 15:20:36'),
(24, 2, 212, 30, 287, '2024-03-19 15:31:46'),
(25, 2, 212, 30, 288, '2024-03-19 15:31:56'),
(26, 2, 212, 30, 289, '2024-03-19 16:08:36'),
(27, 2, 212, 30, 290, '2024-03-19 16:11:54'),
(28, 2, 212, 30, 291, '2024-03-19 16:14:07'),
(29, 2, 212, 30, 292, '2024-03-19 16:25:50'),
(30, 2, 213, 6, 141, '2024-03-19 16:38:53'),
(31, 9, 213, 6, 142, '2024-03-19 16:38:57'),
(32, 2, 213, 6, 143, '2024-03-19 16:40:38'),
(33, 2, 212, 30, 293, '2024-03-19 17:08:39'),
(34, 2, 212, 30, 294, '2024-03-19 17:09:41'),
(35, 2, 212, 30, 295, '2024-03-19 17:10:27'),
(36, 2, 213, 6, 144, '2024-03-19 17:19:52'),
(37, 7, 213, 6, 145, '2024-03-19 17:20:51'),
(38, 5, 213, 6, 146, '2024-03-19 17:20:55'),
(39, 5, 213, 6, 147, '2024-03-19 17:21:00'),
(40, 5, 213, 6, 148, '2024-03-19 17:21:41'),
(41, 2, 213, 6, 149, '2024-03-19 17:29:52'),
(42, 2, 213, 6, 150, '2024-03-19 17:30:06'),
(43, 2, 546, 30, 78, '2024-03-21 13:57:12'),
(44, 2, 546, 30, 79, '2024-03-21 13:58:29'),
(45, 2, 546, 30, 80, '2024-03-21 14:01:17'),
(46, 2, 546, 30, 81, '2024-03-21 14:11:22'),
(47, 2, 546, 30, 82, '2024-03-21 14:13:00'),
(48, 2, 546, 30, 83, '2024-03-21 14:16:16'),
(49, 2, 546, 30, 84, '2024-03-21 14:17:24'),
(50, 2, 546, 30, 85, '2024-03-21 14:17:40'),
(51, 2, 546, 30, 86, '2024-03-21 14:18:04'),
(52, 2, 546, 30, 87, '2024-03-21 14:21:19'),
(53, 2, 546, 30, 88, '2024-03-21 14:21:38'),
(54, 2, 546, 30, 89, '2024-03-21 14:22:01'),
(55, 2, 546, 30, 90, '2024-03-21 14:22:34'),
(56, 2, 546, 30, 91, '2024-03-21 14:23:19'),
(57, 2, 546, 30, 92, '2024-03-21 14:24:24'),
(58, 2, 546, 30, 93, '2024-03-21 14:24:46'),
(59, 2, 546, 30, 94, '2024-03-21 14:25:06'),
(60, 2, 546, 30, 95, '2024-03-21 14:26:35'),
(61, 2, 546, 30, 96, '2024-03-21 14:33:13'),
(62, 2, 546, 30, 97, '2024-03-21 14:33:31'),
(63, 2, 546, 30, 98, '2024-03-21 14:34:15'),
(64, 2, 546, 30, 99, '2024-03-21 14:35:35'),
(65, 2, 546, 30, 100, '2024-03-23 05:28:15'),
(66, 2, 546, 30, 101, '2024-03-23 05:28:38'),
(67, 2, 546, 30, 102, '2024-03-23 05:29:33'),
(68, 2, 546, 30, 103, '2024-03-23 05:29:44'),
(69, 2, 546, 30, 104, '2024-03-23 05:29:53'),
(70, 2, 213, 6, 151, '2024-03-23 05:30:05'),
(71, 2, 213, 6, 152, '2024-03-23 05:30:08'),
(72, 2, 213, 6, 153, '2024-03-23 05:31:14'),
(73, 2, 213, 6, 154, '2024-03-23 05:31:23'),
(74, 2, 213, 6, 155, '2024-03-23 07:17:24'),
(75, 2, 213, 6, 156, '2024-03-23 07:17:39'),
(76, 2, 213, 6, 157, '2024-03-23 07:18:47'),
(77, 2, 546, 30, 105, '2024-03-23 07:19:23'),
(78, 2, 546, 30, 106, '2024-03-23 07:20:55'),
(79, 2, 546, 30, 107, '2024-03-23 07:20:59'),
(80, 2, 546, 30, 108, '2024-03-23 07:21:03'),
(81, 2, 546, 30, 109, '2024-03-23 07:21:09'),
(82, 2, 546, 30, 110, '2024-03-23 07:21:15'),
(83, 2, 546, 30, 111, '2024-03-23 07:21:20'),
(84, 2, 546, 30, 112, '2024-03-23 07:22:05'),
(85, 2, 546, 30, 113, '2024-03-23 07:22:10'),
(86, 2, 546, 30, 114, '2024-03-23 07:22:23'),
(87, 2, 546, 30, 115, '2024-03-23 07:22:30'),
(88, 2, 546, 30, 116, '2024-03-23 07:23:14'),
(89, 2, 546, 30, 117, '2024-03-23 07:34:00'),
(90, 2, 546, 30, 118, '2024-03-23 07:34:35'),
(91, 2, 546, 30, 119, '2024-03-23 07:34:38'),
(92, 2, 546, 30, 120, '2024-03-23 07:34:45'),
(93, 2, 546, 30, 121, '2024-03-23 07:35:08'),
(94, 2, 546, 30, 122, '2024-03-23 07:35:25'),
(95, 2, 546, 30, 123, '2024-03-23 07:39:35'),
(96, 2, 546, 30, 124, '2024-03-23 07:42:30'),
(97, 2, 546, 30, 125, '2024-03-23 07:44:15'),
(98, 2, 546, 30, 126, '2024-03-23 07:48:35'),
(99, 2, 546, 30, 127, '2024-03-23 07:48:50'),
(100, 2, 546, 30, 128, '2024-03-23 07:53:57'),
(101, 2, 546, 30, 129, '2024-03-23 08:03:35'),
(102, 2, 546, 30, 130, '2024-03-23 08:03:57'),
(103, 2, 546, 30, 131, '2024-03-23 08:04:18'),
(104, 2, 546, 30, 132, '2024-03-23 08:05:30'),
(105, 2, 546, 30, 133, '2024-03-23 08:06:09'),
(106, 2, 546, 30, 134, '2024-03-23 08:08:31'),
(107, 2, 546, 30, 135, '2024-03-23 08:09:19'),
(108, 2, 546, 30, 136, '2024-03-23 08:32:51'),
(109, 2, 546, 30, 137, '2024-03-23 08:33:47'),
(110, 2, 546, 30, 138, '2024-03-23 09:08:40'),
(111, 2, 546, 30, 139, '2024-03-23 09:13:56'),
(112, 2, 546, 30, 140, '2024-03-23 09:16:41'),
(113, 2, 546, 30, 141, '2024-03-23 09:17:33'),
(114, 2, 546, 30, 142, '2024-03-23 09:18:20'),
(115, 2, 212, 30, 296, '2024-03-23 09:19:22'),
(116, 2, 546, 30, 143, '2024-03-23 09:20:06'),
(117, 2, 546, 30, 144, '2024-03-23 09:21:35'),
(118, 2, 546, 30, 145, '2024-03-23 09:22:31'),
(119, 2, 546, 30, 146, '2024-03-23 09:23:58'),
(120, 2, 546, 30, 147, '2024-03-23 09:25:57'),
(121, 2, 546, 30, 148, '2024-03-23 09:27:42'),
(122, 2, 546, 30, 149, '2024-03-23 09:29:09'),
(123, 2, 546, 30, 150, '2024-03-23 09:29:55'),
(124, 2, 546, 30, 151, '2024-03-23 09:37:12'),
(125, 2, 546, 30, 152, '2024-03-23 09:37:38'),
(126, 2, 212, 30, 297, '2024-03-23 09:38:06'),
(127, 2, 212, 30, 298, '2024-03-23 13:10:24'),
(128, 2, 212, 30, 299, '2024-03-23 13:10:54'),
(129, 2, 212, 30, 300, '2024-03-23 13:11:16'),
(130, 2, 546, 30, 153, '2024-03-23 13:16:04'),
(131, 2, 546, 30, 154, '2024-03-23 13:17:22'),
(132, 2, 546, 30, 155, '2024-03-23 13:27:27'),
(133, 2, 546, 30, 156, '2024-03-23 13:27:27'),
(134, 2, 546, 30, 157, '2024-03-23 13:27:38'),
(135, 2, 546, 30, 158, '2024-03-23 13:27:39'),
(136, 2, 546, 30, 159, '2024-03-23 13:27:49'),
(137, 2, 546, 30, 160, '2024-03-23 13:27:50'),
(138, 2, 546, 30, 161, '2024-03-23 13:27:51'),
(139, 2, 546, 30, 162, '2024-03-23 13:28:25'),
(140, 2, 546, 30, 163, '2024-03-23 13:28:54'),
(141, 2, 546, 30, 164, '2024-03-23 13:28:55'),
(142, 2, 546, 30, 165, '2024-03-23 13:32:24'),
(143, 2, 546, 30, 166, '2024-03-23 13:34:06'),
(144, 2, 546, 30, 167, '2024-03-23 13:34:06'),
(145, 2, 546, 30, 168, '2024-03-23 13:34:18'),
(146, 2, 546, 30, 169, '2024-03-23 13:34:28'),
(147, 2, 546, 30, 170, '2024-03-23 13:34:39'),
(148, 2, 546, 30, 171, '2024-03-23 13:34:51'),
(149, 2, 546, 30, 172, '2024-03-23 13:35:02'),
(150, 2, 546, 30, 173, '2024-03-23 13:35:12'),
(151, 2, 546, 30, 174, '2024-03-23 13:35:23'),
(152, 2, 546, 30, 175, '2024-03-23 13:35:35'),
(153, 2, 546, 30, 176, '2024-03-23 13:35:45'),
(154, 2, 546, 30, 177, '2024-03-23 13:35:58'),
(155, 2, 546, 30, 178, '2024-03-23 13:36:08'),
(156, 2, 546, 30, 179, '2024-03-23 13:36:18'),
(157, 2, 546, 30, 180, '2024-03-23 13:36:31'),
(158, 2, 546, 30, 181, '2024-03-23 13:36:41'),
(159, 2, 546, 30, 182, '2024-03-23 13:36:51'),
(160, 2, 546, 30, 183, '2024-03-23 13:37:02'),
(161, 2, 546, 30, 184, '2024-03-23 13:37:14'),
(162, 2, 546, 30, 185, '2024-03-23 13:37:25'),
(163, 2, 546, 30, 186, '2024-03-23 13:37:35'),
(164, 2, 546, 30, 187, '2024-03-23 13:37:47'),
(165, 2, 546, 30, 188, '2024-03-23 13:37:57'),
(166, 2, 546, 30, 189, '2024-03-23 13:38:08'),
(167, 2, 546, 30, 190, '2024-03-23 13:38:20'),
(168, 2, 546, 30, 191, '2024-03-23 13:41:39'),
(169, 2, 546, 30, 192, '2024-03-23 13:49:30'),
(170, 2, 212, 30, 301, '2024-03-23 13:50:56'),
(171, 2, 212, 30, 302, '2024-03-23 13:51:04'),
(172, 2, 212, 30, 303, '2024-03-23 13:51:14'),
(173, 2, 212, 30, 304, '2024-03-23 13:51:27'),
(174, 2, 212, 30, 305, '2024-03-23 13:51:39'),
(175, 2, 212, 30, 306, '2024-03-23 13:52:00'),
(176, 2, 212, 30, 307, '2024-03-23 13:52:25'),
(177, 2, 212, 30, 308, '2024-03-23 13:52:38'),
(178, 2, 212, 30, 309, '2024-03-23 13:53:00'),
(179, 2, 212, 30, 310, '2024-03-23 13:54:15'),
(180, 2, 212, 30, 311, '2024-03-23 13:55:25'),
(181, 2, 212, 30, 312, '2024-03-23 13:56:47'),
(182, 2, 213, 6, 158, '2024-03-23 13:58:07'),
(183, 2, 546, 30, 193, '2024-03-23 13:58:36'),
(184, 2, 546, 30, 194, '2024-03-23 13:58:37'),
(185, 2, 546, 30, 195, '2024-03-23 13:58:47'),
(186, 2, 546, 30, 196, '2024-03-23 13:58:57'),
(187, 2, 546, 30, 197, '2024-03-23 13:58:59'),
(188, 2, 546, 30, 198, '2024-03-23 13:59:08'),
(189, 2, 546, 30, 199, '2024-03-23 13:59:19'),
(190, 2, 546, 30, 200, '2024-03-23 13:59:31'),
(191, 2, 546, 30, 201, '2024-03-23 13:59:41'),
(192, 2, 546, 30, 202, '2024-03-23 13:59:52'),
(193, 2, 546, 30, 203, '2024-03-23 14:00:04'),
(194, 2, 546, 30, 204, '2024-03-23 14:00:14'),
(195, 2, 546, 30, 205, '2024-03-23 14:00:25'),
(196, 2, 546, 30, 206, '2024-03-23 14:00:37'),
(197, 2, 546, 30, 207, '2024-03-23 14:00:48'),
(198, 2, 546, 30, 208, '2024-03-23 14:00:58'),
(199, 2, 546, 30, 209, '2024-03-23 14:01:10'),
(200, 2, 546, 30, 210, '2024-03-23 14:01:21'),
(201, 2, 546, 30, 211, '2024-03-23 14:01:31'),
(202, 2, 546, 30, 212, '2024-03-23 14:01:42'),
(203, 2, 546, 30, 213, '2024-03-23 14:01:54'),
(204, 2, 546, 30, 214, '2024-03-23 14:02:04'),
(205, 2, 546, 30, 215, '2024-03-23 14:02:17'),
(206, 2, 546, 30, 216, '2024-03-23 14:02:27'),
(207, 2, 546, 30, 217, '2024-03-23 14:02:37'),
(208, 2, 546, 30, 218, '2024-03-23 14:02:49'),
(209, 2, 546, 30, 219, '2024-03-23 14:03:00'),
(210, 2, 546, 30, 220, '2024-03-23 14:03:10'),
(211, 2, 546, 30, 221, '2024-03-23 14:03:21'),
(212, 2, 546, 30, 222, '2024-03-23 14:03:33'),
(213, 2, 546, 30, 223, '2024-03-23 14:03:44'),
(214, 2, 546, 30, 224, '2024-03-23 14:03:54'),
(215, 2, 546, 30, 225, '2024-03-23 14:04:06'),
(216, 2, 546, 30, 226, '2024-03-23 14:04:17'),
(217, 2, 546, 30, 227, '2024-03-23 14:04:27'),
(218, 2, 546, 30, 228, '2024-03-23 14:04:38'),
(219, 2, 546, 30, 229, '2024-03-23 14:04:50'),
(220, 2, 546, 30, 230, '2024-03-23 14:05:00'),
(221, 2, 546, 30, 231, '2024-03-23 14:05:12'),
(222, 2, 546, 30, 232, '2024-03-23 14:05:23'),
(223, 2, 546, 30, 233, '2024-03-23 14:05:33'),
(224, 2, 546, 30, 234, '2024-03-23 14:05:36'),
(225, 2, 546, 30, 235, '2024-03-23 14:05:40'),
(226, 2, 546, 30, 236, '2024-03-23 14:05:48'),
(227, 2, 546, 30, 237, '2024-03-23 14:05:58'),
(228, 2, 546, 30, 238, '2024-03-23 14:06:10'),
(229, 2, 546, 30, 239, '2024-03-23 14:06:21'),
(230, 2, 546, 30, 240, '2024-03-23 14:11:32'),
(231, 2, 546, 30, 241, '2024-03-23 14:11:33'),
(232, 2, 546, 30, 242, '2024-03-23 14:11:43'),
(233, 2, 546, 30, 243, '2024-03-23 14:11:55'),
(234, 2, 546, 30, 244, '2024-03-23 14:12:06'),
(235, 2, 546, 30, 245, '2024-03-23 14:12:16'),
(236, 2, 546, 30, 246, '2024-03-23 14:12:27'),
(237, 2, 546, 30, 247, '2024-03-23 14:12:39'),
(238, 2, 546, 30, 248, '2024-03-23 14:12:49'),
(239, 2, 546, 30, 249, '2024-03-23 14:13:00'),
(240, 2, 546, 30, 250, '2024-03-23 14:13:12'),
(241, 2, 546, 30, 251, '2024-03-23 14:13:22'),
(242, 2, 546, 30, 252, '2024-03-23 14:13:33'),
(243, 2, 546, 30, 253, '2024-03-23 14:13:45'),
(244, 2, 546, 30, 254, '2024-03-23 14:13:55'),
(245, 2, 546, 30, 255, '2024-03-23 14:14:06'),
(246, 2, 546, 30, 256, '2024-03-23 14:14:17'),
(247, 2, 546, 30, 257, '2024-03-23 14:14:29'),
(248, 2, 546, 30, 258, '2024-03-23 14:14:39'),
(249, 2, 546, 30, 259, '2024-03-23 14:14:51'),
(250, 2, 546, 30, 260, '2024-03-23 14:15:02'),
(251, 2, 546, 30, 261, '2024-03-23 14:15:12'),
(252, 2, 546, 30, 262, '2024-03-23 14:15:23'),
(253, 2, 546, 30, 263, '2024-03-23 14:15:35'),
(254, 2, 546, 30, 264, '2024-03-23 14:15:45'),
(255, 2, 546, 30, 265, '2024-03-23 14:15:58'),
(256, 2, 546, 30, 266, '2024-03-23 14:16:08'),
(257, 2, 546, 30, 267, '2024-03-23 14:16:19'),
(258, 2, 546, 30, 268, '2024-03-23 14:16:29'),
(259, 2, 546, 30, 269, '2024-03-23 14:16:41'),
(260, 2, 546, 30, 270, '2024-03-23 14:16:51'),
(261, 2, 546, 30, 271, '2024-03-23 14:17:02'),
(262, 2, 546, 30, 272, '2024-03-23 14:17:14'),
(263, 2, 546, 30, 273, '2024-03-23 14:17:24'),
(264, 2, 546, 30, 274, '2024-03-23 14:17:35'),
(265, 2, 546, 30, 275, '2024-03-23 14:17:47'),
(266, 2, 546, 30, 276, '2024-03-23 14:17:57'),
(267, 2, 546, 30, 277, '2024-03-23 14:18:08'),
(268, 2, 546, 30, 278, '2024-03-23 14:18:19'),
(269, 2, 546, 30, 279, '2024-03-23 14:18:31'),
(270, 2, 546, 30, 280, '2024-03-23 14:18:41'),
(271, 2, 546, 30, 281, '2024-03-23 14:18:53'),
(272, 2, 546, 30, 282, '2024-03-23 14:19:04'),
(273, 2, 546, 30, 283, '2024-03-23 14:19:16'),
(274, 2, 546, 30, 284, '2024-03-23 14:19:25'),
(275, 2, 546, 30, 285, '2024-03-23 14:19:37'),
(276, 2, 546, 30, 286, '2024-03-23 14:19:47'),
(277, 2, 546, 30, 287, '2024-03-23 14:19:59'),
(278, 2, 546, 30, 288, '2024-03-23 14:20:10'),
(279, 2, 546, 30, 289, '2024-03-23 14:20:20'),
(280, 2, 546, 30, 290, '2024-03-23 14:20:31'),
(281, 2, 546, 30, 291, '2024-03-23 14:20:45'),
(282, 2, 546, 30, 292, '2024-03-23 14:20:53'),
(283, 2, 546, 30, 293, '2024-03-23 14:21:04'),
(284, 2, 546, 30, 294, '2024-03-23 14:21:16'),
(285, 2, 546, 30, 295, '2024-03-23 14:21:27'),
(286, 2, 546, 30, 296, '2024-03-23 14:21:37'),
(287, 2, 546, 30, 297, '2024-03-23 14:21:49'),
(288, 2, 546, 30, 298, '2024-03-23 14:21:59'),
(289, 2, 546, 30, 299, '2024-03-23 14:22:10'),
(290, 2, 546, 30, 300, '2024-03-23 14:22:23'),
(291, 2, 546, 30, 301, '2024-03-23 14:22:33'),
(292, 2, 546, 30, 302, '2024-03-23 14:22:43'),
(293, 2, 546, 30, 303, '2024-03-23 14:22:54'),
(294, 2, 546, 30, 304, '2024-03-23 14:23:06'),
(295, 2, 546, 30, 305, '2024-03-23 14:23:17'),
(296, 2, 546, 30, 306, '2024-03-23 14:23:27'),
(297, 2, 546, 30, 307, '2024-03-23 14:23:39'),
(298, 2, 546, 30, 308, '2024-03-23 14:23:49'),
(299, 2, 546, 30, 309, '2024-03-23 14:24:00'),
(300, 2, 546, 30, 310, '2024-03-23 14:24:12'),
(301, 2, 546, 30, 311, '2024-03-23 14:24:15'),
(302, 2, 546, 30, 312, '2024-03-23 14:24:16'),
(303, 2, 546, 30, 313, '2024-03-23 14:24:27'),
(304, 2, 546, 30, 314, '2024-03-23 14:24:37'),
(305, 2, 546, 30, 315, '2024-03-23 14:24:49'),
(306, 2, 546, 30, 316, '2024-03-23 14:24:59'),
(307, 2, 546, 30, 317, '2024-03-23 14:25:10'),
(308, 2, 546, 30, 318, '2024-03-23 14:25:23'),
(309, 2, 546, 30, 319, '2024-03-23 14:25:33'),
(310, 2, 546, 30, 320, '2024-03-23 14:25:43'),
(311, 2, 546, 30, 321, '2024-03-23 14:25:54'),
(312, 2, 546, 30, 322, '2024-03-23 14:26:06'),
(313, 2, 546, 30, 323, '2024-03-23 14:26:16'),
(314, 2, 546, 30, 324, '2024-03-23 14:26:27'),
(315, 2, 546, 30, 325, '2024-03-23 14:26:39'),
(316, 2, 546, 30, 326, '2024-03-23 14:26:49'),
(317, 2, 546, 30, 327, '2024-03-23 14:27:00'),
(318, 2, 546, 30, 328, '2024-03-23 14:27:12'),
(319, 2, 546, 30, 329, '2024-03-23 14:27:23'),
(320, 2, 546, 30, 330, '2024-03-23 14:27:33'),
(321, 2, 546, 30, 331, '2024-03-23 14:27:45'),
(322, 2, 546, 30, 332, '2024-03-23 14:27:55'),
(323, 2, 546, 30, 333, '2024-03-23 14:28:06'),
(324, 2, 546, 30, 334, '2024-03-23 14:28:13'),
(325, 2, 546, 30, 335, '2024-03-23 14:28:14'),
(326, 2, 546, 30, 336, '2024-03-23 14:28:22'),
(327, 2, 546, 30, 337, '2024-03-23 14:28:23'),
(328, 2, 546, 30, 338, '2024-03-23 14:28:33'),
(329, 2, 546, 30, 339, '2024-03-23 14:28:45'),
(330, 2, 546, 30, 340, '2024-03-23 14:28:55'),
(331, 2, 546, 30, 341, '2024-03-23 14:29:06'),
(332, 2, 546, 30, 342, '2024-03-23 14:29:18'),
(333, 2, 546, 30, 343, '2024-03-23 14:29:29'),
(334, 2, 546, 30, 344, '2024-03-23 14:29:39'),
(335, 2, 546, 30, 345, '2024-03-23 14:29:43'),
(336, 2, 546, 30, 346, '2024-03-23 14:29:43'),
(337, 2, 546, 30, 347, '2024-03-23 14:29:54'),
(338, 2, 546, 30, 348, '2024-03-23 14:30:06'),
(339, 2, 546, 30, 349, '2024-03-23 14:30:16'),
(340, 2, 546, 30, 350, '2024-03-23 14:30:27'),
(341, 2, 546, 30, 351, '2024-03-23 14:30:39'),
(342, 2, 546, 30, 352, '2024-03-23 14:30:49'),
(343, 2, 546, 30, 353, '2024-03-23 14:31:00'),
(344, 2, 546, 30, 354, '2024-03-23 14:31:12'),
(345, 2, 546, 30, 355, '2024-03-23 14:31:22'),
(346, 2, 546, 30, 356, '2024-03-23 14:31:33'),
(347, 2, 546, 30, 357, '2024-03-23 14:31:45'),
(348, 2, 546, 30, 358, '2024-03-23 14:31:55'),
(349, 2, 546, 30, 359, '2024-03-23 14:32:06'),
(350, 2, 546, 30, 360, '2024-03-23 14:32:18'),
(351, 2, 546, 30, 361, '2024-03-23 14:32:29'),
(352, 2, 546, 30, 362, '2024-03-23 14:32:39'),
(353, 2, 546, 30, 363, '2024-03-23 14:32:51'),
(354, 2, 546, 30, 364, '2024-03-23 14:33:02'),
(355, 2, 546, 30, 365, '2024-03-23 14:33:12'),
(356, 2, 546, 30, 366, '2024-03-23 14:33:24'),
(357, 2, 546, 30, 367, '2024-03-23 14:33:35'),
(358, 2, 546, 30, 368, '2024-03-23 14:33:45'),
(359, 2, 546, 30, 369, '2024-03-23 14:33:52'),
(360, 2, 546, 30, 370, '2024-03-23 14:33:53'),
(361, 2, 546, 30, 371, '2024-03-23 14:33:57'),
(362, 2, 546, 30, 372, '2024-03-23 14:33:59'),
(363, 2, 546, 30, 373, '2024-03-23 14:34:02'),
(364, 2, 546, 30, 374, '2024-03-23 14:34:04'),
(365, 2, 546, 30, 375, '2024-03-23 14:34:08'),
(366, 2, 546, 30, 376, '2024-03-23 14:34:08'),
(367, 2, 546, 30, 377, '2024-03-23 14:34:20'),
(368, 2, 546, 30, 378, '2024-03-23 14:34:31'),
(369, 2, 546, 30, 379, '2024-03-23 14:34:41'),
(370, 2, 546, 30, 380, '2024-03-23 14:34:53'),
(371, 2, 546, 30, 381, '2024-03-23 14:35:04'),
(372, 2, 546, 30, 382, '2024-03-23 14:35:14'),
(373, 2, 546, 30, 383, '2024-03-23 14:35:26'),
(374, 2, 546, 30, 384, '2024-03-23 14:35:39'),
(375, 2, 546, 30, 385, '2024-03-23 14:35:47'),
(376, 2, 546, 30, 386, '2024-03-23 14:35:59'),
(377, 2, 546, 30, 387, '2024-03-23 14:36:06'),
(378, 2, 546, 30, 388, '2024-03-23 14:36:06'),
(379, 2, 546, 30, 389, '2024-03-23 14:36:13'),
(380, 2, 546, 30, 390, '2024-03-23 14:36:14'),
(381, 2, 546, 30, 391, '2024-03-23 14:36:24'),
(382, 2, 546, 30, 392, '2024-03-23 14:36:35'),
(383, 2, 546, 30, 393, '2024-03-23 14:36:57'),
(384, 2, 546, 30, 394, '2024-03-23 14:37:02'),
(385, 2, 546, 30, 395, '2024-03-23 14:37:08'),
(386, 2, 546, 30, 396, '2024-03-23 14:37:20'),
(387, 2, 546, 30, 397, '2024-03-23 14:37:31'),
(388, 2, 546, 30, 398, '2024-03-23 14:37:41'),
(389, 2, 546, 30, 399, '2024-03-23 14:37:53'),
(390, 2, 546, 30, 400, '2024-03-23 14:38:04'),
(391, 2, 546, 30, 401, '2024-03-23 14:38:14'),
(392, 2, 546, 30, 402, '2024-03-23 14:38:26'),
(393, 2, 546, 30, 403, '2024-03-23 14:38:36'),
(394, 2, 546, 30, 404, '2024-03-23 14:38:47'),
(395, 2, 546, 30, 405, '2024-03-23 14:38:59'),
(396, 2, 546, 30, 406, '2024-03-23 14:39:10'),
(397, 2, 546, 30, 407, '2024-03-23 14:39:29'),
(398, 2, 546, 30, 408, '2024-03-23 14:39:37'),
(399, 2, 546, 30, 409, '2024-03-23 14:39:42'),
(400, 2, 546, 30, 410, '2024-03-23 14:39:51'),
(401, 2, 546, 30, 411, '2024-03-23 14:39:56'),
(402, 2, 546, 30, 412, '2024-03-23 14:40:00'),
(403, 2, 546, 30, 413, '2024-03-23 14:40:08'),
(404, 2, 546, 30, 414, '2024-03-23 14:40:08'),
(405, 2, 546, 30, 415, '2024-03-23 14:40:13'),
(406, 2, 546, 30, 416, '2024-03-23 14:40:18'),
(407, 2, 546, 30, 417, '2024-03-23 14:40:24'),
(408, 2, 546, 30, 418, '2024-03-23 14:40:29'),
(409, 2, 546, 30, 419, '2024-03-23 14:40:37'),
(410, 2, 546, 30, 420, '2024-03-23 14:40:41'),
(411, 2, 546, 30, 421, '2024-03-23 14:40:47'),
(412, 2, 546, 30, 422, '2024-03-23 14:40:55'),
(413, 2, 546, 30, 423, '2024-03-23 14:41:03'),
(414, 2, 546, 30, 424, '2024-03-23 14:41:12'),
(415, 2, 546, 30, 425, '2024-03-23 14:41:17'),
(416, 2, 546, 30, 426, '2024-03-23 14:41:26'),
(417, 2, 546, 30, 427, '2024-03-23 14:41:27'),
(418, 2, 546, 30, 428, '2024-03-23 14:41:36'),
(419, 2, 546, 30, 429, '2024-03-23 14:41:45'),
(420, 2, 546, 30, 430, '2024-03-23 14:41:55'),
(421, 2, 546, 30, 431, '2024-03-23 14:42:04'),
(422, 2, 546, 30, 432, '2024-03-23 14:42:13'),
(423, 2, 546, 30, 433, '2024-03-23 14:42:23'),
(424, 2, 546, 30, 434, '2024-03-23 14:42:33'),
(425, 2, 546, 30, 435, '2024-03-23 14:42:43'),
(426, 2, 546, 30, 436, '2024-03-23 14:42:52'),
(427, 2, 546, 30, 437, '2024-03-23 14:43:02'),
(428, 2, 546, 30, 438, '2024-03-23 14:43:12'),
(429, 2, 546, 30, 439, '2024-03-23 14:43:22'),
(430, 2, 546, 30, 440, '2024-03-23 14:43:31'),
(431, 2, 546, 30, 441, '2024-03-23 14:43:41'),
(432, 2, 546, 30, 442, '2024-03-23 14:43:51'),
(433, 2, 546, 30, 443, '2024-03-23 14:44:00'),
(434, 2, 546, 30, 444, '2024-03-23 14:44:10'),
(435, 2, 546, 30, 445, '2024-03-23 14:44:20'),
(436, 2, 546, 30, 446, '2024-03-23 14:44:29'),
(437, 2, 546, 30, 447, '2024-03-23 14:44:39'),
(438, 2, 546, 30, 448, '2024-03-23 14:44:49'),
(439, 2, 546, 30, 449, '2024-03-23 14:44:59'),
(440, 2, 546, 30, 450, '2024-03-23 14:45:08'),
(441, 2, 546, 30, 451, '2024-03-23 14:45:18'),
(442, 2, 546, 30, 452, '2024-03-23 14:45:29'),
(443, 2, 546, 30, 453, '2024-03-23 14:45:39'),
(444, 2, 546, 30, 454, '2024-03-23 14:45:49'),
(445, 2, 546, 30, 455, '2024-03-23 14:45:59'),
(446, 2, 546, 30, 456, '2024-03-23 14:46:08'),
(447, 2, 546, 30, 457, '2024-03-23 14:46:20'),
(448, 2, 546, 30, 458, '2024-03-23 14:46:29'),
(449, 2, 546, 30, 459, '2024-03-23 14:46:39'),
(450, 2, 546, 30, 460, '2024-03-23 14:46:49'),
(451, 2, 546, 30, 461, '2024-03-23 14:46:59'),
(452, 2, 546, 30, 462, '2024-03-23 14:47:08'),
(453, 2, 546, 30, 463, '2024-03-23 14:47:17'),
(454, 2, 546, 30, 464, '2024-03-23 14:47:27'),
(455, 2, 546, 30, 465, '2024-03-23 14:47:37'),
(456, 2, 546, 30, 466, '2024-03-23 14:47:47'),
(457, 2, 546, 30, 467, '2024-03-23 14:47:57'),
(458, 2, 546, 30, 468, '2024-03-23 14:48:06'),
(459, 2, 546, 30, 469, '2024-03-23 14:48:16'),
(460, 2, 546, 30, 470, '2024-03-23 14:48:26'),
(461, 2, 546, 30, 471, '2024-03-23 14:48:36'),
(462, 2, 546, 30, 472, '2024-03-23 14:48:45'),
(463, 2, 546, 30, 473, '2024-03-23 14:48:55'),
(464, 2, 546, 30, 474, '2024-03-23 14:49:04'),
(465, 2, 546, 30, 475, '2024-03-23 14:49:14'),
(466, 2, 546, 30, 476, '2024-03-23 14:49:24'),
(467, 2, 546, 30, 477, '2024-03-23 14:49:34'),
(468, 2, 546, 30, 478, '2024-03-23 14:49:45'),
(469, 2, 213, 6, 159, '2024-03-23 14:49:49'),
(470, 2, 546, 30, 479, '2024-03-23 14:49:55'),
(471, 2, 213, 6, 160, '2024-03-23 14:49:59'),
(472, 2, 546, 30, 480, '2024-03-23 14:50:04'),
(473, 2, 213, 6, 161, '2024-03-23 14:50:08'),
(474, 2, 546, 30, 481, '2024-03-23 14:50:14'),
(475, 2, 213, 6, 162, '2024-03-23 14:50:18'),
(476, 2, 546, 30, 482, '2024-03-23 14:50:23'),
(477, 2, 213, 6, 163, '2024-03-23 14:50:27'),
(478, 2, 546, 30, 483, '2024-03-23 14:50:33'),
(479, 2, 213, 6, 164, '2024-03-23 14:50:37'),
(480, 2, 546, 30, 484, '2024-03-23 14:50:43'),
(481, 2, 213, 6, 165, '2024-03-23 14:50:48'),
(482, 2, 546, 30, 485, '2024-03-23 14:50:52'),
(483, 2, 213, 6, 166, '2024-03-23 14:50:56'),
(484, 2, 546, 30, 486, '2024-03-23 14:51:02'),
(485, 2, 213, 6, 167, '2024-03-23 14:51:06'),
(486, 2, 546, 30, 487, '2024-03-23 14:51:12'),
(487, 2, 213, 6, 168, '2024-03-23 14:51:16'),
(488, 2, 546, 30, 488, '2024-03-23 14:51:21'),
(489, 2, 213, 6, 169, '2024-03-23 14:51:25'),
(490, 2, 546, 30, 489, '2024-03-23 14:51:31'),
(491, 2, 213, 6, 170, '2024-03-23 14:51:35'),
(492, 2, 546, 30, 490, '2024-03-23 14:51:41'),
(493, 2, 546, 30, 491, '2024-03-23 14:51:50'),
(494, 2, 546, 30, 492, '2024-03-23 14:52:00'),
(495, 2, 546, 30, 493, '2024-03-23 14:52:10'),
(496, 2, 546, 30, 494, '2024-03-23 14:52:20'),
(497, 2, 546, 30, 495, '2024-03-23 14:52:29'),
(498, 2, 546, 30, 496, '2024-03-23 14:52:39'),
(499, 2, 213, 6, 171, '2024-03-23 14:52:41'),
(500, 2, 546, 30, 497, '2024-03-23 14:52:49'),
(501, 2, 213, 6, 172, '2024-03-23 14:52:53'),
(502, 2, 546, 30, 498, '2024-03-23 14:52:59'),
(503, 2, 546, 30, 499, '2024-03-23 14:53:08'),
(504, 2, 546, 30, 500, '2024-03-23 14:53:19'),
(505, 2, 546, 30, 501, '2024-03-23 14:53:27'),
(506, 2, 213, 6, 173, '2024-03-23 14:53:32'),
(507, 2, 546, 30, 502, '2024-03-23 14:53:35'),
(508, 2, 213, 6, 174, '2024-03-23 14:53:39'),
(509, 2, 546, 30, 503, '2024-03-23 14:53:43'),
(510, 2, 213, 6, 175, '2024-03-23 14:53:44'),
(511, 2, 213, 6, 176, '2024-03-23 14:53:51'),
(512, 2, 546, 30, 504, '2024-03-23 14:53:51'),
(513, 2, 213, 6, 177, '2024-03-23 14:53:58'),
(514, 2, 546, 30, 505, '2024-03-23 14:53:58'),
(515, 2, 213, 6, 178, '2024-03-23 14:54:06'),
(516, 2, 546, 30, 506, '2024-03-23 14:54:06'),
(517, 2, 213, 6, 179, '2024-03-23 14:54:14'),
(518, 2, 546, 30, 507, '2024-03-23 14:54:14'),
(519, 2, 213, 6, 180, '2024-03-23 14:54:22'),
(520, 2, 546, 30, 508, '2024-03-23 14:54:22'),
(521, 2, 213, 6, 181, '2024-03-23 14:54:29'),
(522, 2, 546, 30, 509, '2024-03-23 14:54:29'),
(523, 2, 213, 6, 182, '2024-03-23 14:54:37'),
(524, 2, 546, 30, 510, '2024-03-23 14:54:37'),
(525, 2, 213, 6, 183, '2024-03-23 14:54:45'),
(526, 2, 546, 30, 511, '2024-03-23 14:54:45'),
(527, 2, 213, 6, 184, '2024-03-23 14:54:53'),
(528, 2, 546, 30, 512, '2024-03-23 14:54:53'),
(529, 2, 213, 6, 185, '2024-03-23 14:55:00'),
(530, 2, 546, 30, 513, '2024-03-23 14:55:00'),
(531, 2, 213, 6, 186, '2024-03-23 14:55:08'),
(532, 2, 546, 30, 514, '2024-03-23 14:55:08'),
(533, 2, 213, 6, 187, '2024-03-23 14:55:16'),
(534, 2, 546, 30, 515, '2024-03-23 14:55:16'),
(535, 2, 213, 6, 188, '2024-03-23 14:55:23'),
(536, 2, 546, 30, 516, '2024-03-23 14:55:23'),
(537, 2, 213, 6, 189, '2024-03-23 14:55:31'),
(538, 2, 546, 30, 517, '2024-03-23 14:55:31'),
(539, 2, 213, 6, 190, '2024-03-23 14:55:39'),
(540, 2, 546, 30, 518, '2024-03-23 14:55:39'),
(541, 2, 213, 6, 191, '2024-03-23 14:55:48'),
(542, 2, 546, 30, 519, '2024-03-23 14:55:48'),
(543, 2, 213, 6, 192, '2024-03-23 14:55:56'),
(544, 2, 546, 30, 520, '2024-03-23 14:55:56'),
(545, 2, 546, 30, 521, '2024-03-23 14:55:58'),
(546, 2, 546, 30, 522, '2024-03-23 14:56:01'),
(547, 2, 213, 6, 193, '2024-03-23 14:56:04'),
(548, 2, 546, 30, 523, '2024-03-23 14:56:08'),
(549, 2, 213, 6, 194, '2024-03-23 14:56:12'),
(550, 2, 546, 30, 524, '2024-03-23 14:56:14'),
(551, 2, 213, 6, 195, '2024-03-23 14:56:20'),
(552, 2, 546, 30, 525, '2024-03-23 14:56:22'),
(553, 2, 213, 6, 196, '2024-03-23 14:56:27'),
(554, 2, 213, 6, 197, '2024-03-23 14:56:35'),
(555, 2, 213, 6, 198, '2024-03-23 14:56:43'),
(556, 2, 213, 6, 199, '2024-03-23 14:56:52'),
(557, 2, 213, 6, 200, '2024-03-23 14:57:00'),
(558, 2, 213, 6, 201, '2024-03-23 14:57:08'),
(559, 2, 546, 30, 526, '2024-03-23 14:57:14'),
(560, 2, 213, 6, 202, '2024-03-23 14:57:16'),
(561, 2, 546, 30, 527, '2024-03-23 14:57:21'),
(562, 2, 213, 6, 203, '2024-03-23 14:57:25'),
(563, 2, 546, 30, 528, '2024-03-23 14:57:29'),
(564, 2, 213, 6, 204, '2024-03-23 14:57:33'),
(565, 2, 546, 30, 529, '2024-03-23 14:57:37'),
(566, 2, 213, 6, 205, '2024-03-23 14:57:41'),
(567, 2, 546, 30, 530, '2024-03-23 14:57:45'),
(568, 2, 213, 6, 206, '2024-03-23 14:57:50'),
(569, 2, 546, 30, 531, '2024-03-23 14:57:52'),
(570, 2, 546, 30, 532, '2024-03-23 15:04:01'),
(571, 2, 546, 30, 533, '2024-03-23 15:04:08'),
(572, 2, 546, 30, 534, '2024-03-23 15:04:16'),
(573, 2, 546, 30, 535, '2024-03-23 15:04:24'),
(574, 2, 546, 30, 536, '2024-03-23 15:04:32'),
(575, 2, 546, 30, 537, '2024-03-23 15:04:40'),
(576, 2, 546, 30, 538, '2024-03-23 15:04:47'),
(577, 2, 546, 30, 539, '2024-03-23 15:04:55'),
(578, 2, 546, 30, 540, '2024-03-23 15:05:02'),
(579, 2, 546, 30, 541, '2024-03-23 15:05:10'),
(580, 2, 546, 30, 542, '2024-03-23 15:05:17'),
(581, 2, 546, 30, 543, '2024-03-23 15:05:25'),
(582, 2, 546, 30, 544, '2024-03-23 15:05:33'),
(583, 2, 546, 30, 545, '2024-03-23 15:05:41'),
(584, 2, 546, 30, 546, '2024-03-23 15:05:49'),
(585, 2, 546, 30, 547, '2024-03-23 15:05:58'),
(586, 2, 546, 30, 548, '2024-03-23 15:06:06'),
(587, 2, 546, 30, 549, '2024-03-23 15:06:15'),
(588, 2, 546, 30, 550, '2024-03-23 15:06:23'),
(589, 2, 546, 30, 551, '2024-03-23 15:06:31'),
(590, 2, 546, 30, 552, '2024-03-23 15:06:39'),
(591, 2, 546, 30, 553, '2024-03-23 15:06:47'),
(592, 2, 546, 30, 554, '2024-03-23 15:06:56'),
(593, 2, 546, 30, 555, '2024-03-23 15:07:04'),
(594, 2, 546, 30, 556, '2024-03-23 15:07:12'),
(595, 2, 546, 30, 557, '2024-03-23 15:07:31'),
(596, 2, 546, 30, 558, '2024-03-23 15:07:40'),
(597, 2, 546, 30, 559, '2024-03-23 15:07:46'),
(598, 2, 546, 30, 560, '2024-03-23 15:07:54'),
(599, 2, 546, 30, 561, '2024-03-23 15:08:02'),
(600, 2, 546, 30, 562, '2024-03-23 15:08:12'),
(601, 2, 546, 30, 563, '2024-03-23 15:08:19'),
(602, 2, 546, 30, 564, '2024-03-23 15:08:27'),
(603, 2, 546, 30, 565, '2024-03-23 15:08:35'),
(604, 2, 546, 30, 566, '2024-03-23 15:08:43'),
(605, 2, 546, 30, 567, '2024-03-23 15:08:51'),
(606, 2, 546, 30, 568, '2024-03-23 15:08:58'),
(607, 2, 546, 30, 569, '2024-03-23 15:09:06'),
(608, 2, 546, 30, 570, '2024-03-23 15:09:17'),
(609, 2, 546, 30, 571, '2024-03-23 15:09:25'),
(610, 2, 546, 30, 572, '2024-03-23 15:09:28'),
(611, 2, 546, 30, 573, '2024-03-23 15:09:35'),
(612, 2, 546, 30, 574, '2024-03-23 15:09:43'),
(613, 2, 546, 30, 575, '2024-03-23 15:09:50'),
(614, 2, 546, 30, 576, '2024-03-23 15:09:58'),
(615, 2, 546, 30, 577, '2024-03-23 15:10:06'),
(616, 2, 546, 30, 578, '2024-03-23 15:10:14'),
(617, 2, 546, 30, 579, '2024-03-23 15:10:21'),
(618, 2, 546, 30, 580, '2024-03-23 15:10:29'),
(619, 2, 546, 30, 581, '2024-03-23 15:10:37'),
(620, 2, 546, 30, 582, '2024-03-23 15:10:46'),
(621, 2, 546, 30, 583, '2024-03-23 15:10:54'),
(622, 2, 546, 30, 584, '2024-03-23 15:11:02'),
(623, 2, 546, 30, 585, '2024-03-23 15:11:10'),
(624, 2, 546, 30, 586, '2024-03-23 15:11:18'),
(625, 2, 546, 30, 587, '2024-03-23 15:11:26'),
(626, 2, 546, 30, 588, '2024-03-23 15:11:33'),
(627, 2, 546, 30, 589, '2024-03-23 15:11:41'),
(628, 2, 546, 30, 590, '2024-03-23 15:11:49'),
(629, 2, 546, 30, 591, '2024-03-23 15:11:57'),
(630, 2, 546, 30, 592, '2024-03-23 15:12:04'),
(631, 2, 546, 30, 593, '2024-03-23 15:12:12'),
(632, 2, 546, 30, 594, '2024-03-23 15:12:19'),
(633, 2, 546, 30, 595, '2024-03-23 15:12:27'),
(634, 2, 546, 30, 596, '2024-03-23 15:12:35'),
(635, 2, 546, 30, 597, '2024-03-23 15:12:42'),
(636, 2, 546, 30, 598, '2024-03-23 15:12:50'),
(637, 2, 546, 30, 599, '2024-03-23 15:12:58'),
(638, 2, 546, 30, 600, '2024-03-23 15:13:06'),
(639, 2, 546, 30, 601, '2024-03-23 15:13:14'),
(640, 2, 546, 30, 602, '2024-03-23 15:13:23'),
(641, 2, 546, 30, 603, '2024-03-23 15:13:31'),
(642, 2, 546, 30, 604, '2024-03-23 15:13:39'),
(643, 2, 546, 30, 605, '2024-03-23 15:13:47'),
(644, 2, 546, 30, 606, '2024-03-23 15:13:54'),
(645, 2, 546, 30, 607, '2024-03-23 15:14:02'),
(646, 2, 546, 30, 608, '2024-03-23 15:14:10'),
(647, 2, 546, 30, 609, '2024-03-23 15:14:18'),
(648, 2, 546, 30, 610, '2024-03-23 15:14:26'),
(649, 2, 546, 30, 611, '2024-03-23 15:14:33'),
(650, 2, 546, 30, 612, '2024-03-23 15:14:41'),
(651, 2, 546, 30, 613, '2024-03-23 15:14:49'),
(652, 2, 546, 30, 614, '2024-03-23 15:14:57'),
(653, 2, 546, 30, 615, '2024-03-23 15:15:04'),
(654, 2, 546, 30, 616, '2024-03-23 15:15:12'),
(655, 2, 546, 30, 617, '2024-03-23 15:15:20'),
(656, 2, 546, 30, 618, '2024-03-23 15:15:27'),
(657, 2, 546, 30, 619, '2024-03-23 15:15:35'),
(658, 2, 546, 30, 620, '2024-03-23 15:15:43'),
(659, 2, 546, 30, 621, '2024-03-23 15:15:50'),
(660, 2, 546, 30, 622, '2024-03-23 15:15:58'),
(661, 2, 546, 30, 623, '2024-03-23 15:16:06'),
(662, 2, 546, 30, 624, '2024-03-23 15:16:14'),
(663, 2, 546, 30, 625, '2024-03-23 15:16:21'),
(664, 2, 546, 30, 626, '2024-03-23 15:16:29'),
(665, 2, 546, 30, 627, '2024-03-23 15:16:37'),
(666, 2, 546, 30, 628, '2024-03-23 15:16:46'),
(667, 2, 546, 30, 629, '2024-03-23 15:16:54'),
(668, 2, 546, 30, 630, '2024-03-23 15:17:02'),
(669, 2, 546, 30, 631, '2024-03-23 15:17:10'),
(670, 2, 546, 30, 632, '2024-03-23 15:17:18'),
(671, 2, 546, 30, 633, '2024-03-23 15:17:26'),
(672, 2, 546, 30, 634, '2024-03-23 15:17:33'),
(673, 2, 546, 30, 635, '2024-03-23 15:17:41'),
(674, 2, 546, 30, 636, '2024-03-23 15:17:49'),
(675, 2, 546, 30, 637, '2024-03-23 15:17:57'),
(676, 2, 546, 30, 638, '2024-03-23 15:18:04'),
(677, 2, 546, 30, 639, '2024-03-23 15:18:12'),
(678, 2, 546, 30, 640, '2024-03-23 15:18:19'),
(679, 2, 546, 30, 641, '2024-03-23 15:18:27'),
(680, 2, 546, 30, 642, '2024-03-23 15:18:35'),
(681, 2, 546, 30, 643, '2024-03-23 15:18:43'),
(682, 2, 546, 30, 644, '2024-03-23 15:18:50'),
(683, 2, 546, 30, 645, '2024-03-23 15:18:58'),
(684, 2, 546, 30, 646, '2024-03-23 15:19:06'),
(685, 2, 546, 30, 647, '2024-03-23 15:19:14'),
(686, 2, 546, 30, 648, '2024-03-23 15:19:21'),
(687, 2, 546, 30, 649, '2024-03-23 15:19:29'),
(688, 2, 546, 30, 650, '2024-03-23 15:19:37'),
(689, 2, 546, 30, 651, '2024-03-23 15:19:45'),
(690, 2, 546, 30, 652, '2024-03-23 15:19:52'),
(691, 2, 546, 30, 653, '2024-03-23 15:20:00'),
(692, 2, 546, 30, 654, '2024-03-23 15:20:08'),
(693, 2, 546, 30, 655, '2024-03-23 15:20:16'),
(694, 2, 546, 30, 656, '2024-03-23 15:20:24'),
(695, 2, 546, 30, 657, '2024-03-23 15:20:31'),
(696, 2, 546, 30, 658, '2024-03-23 15:20:39'),
(697, 2, 546, 30, 659, '2024-03-23 15:20:47'),
(698, 2, 546, 30, 660, '2024-03-23 15:20:55'),
(699, 2, 546, 30, 661, '2024-03-23 15:21:02'),
(700, 2, 546, 30, 662, '2024-03-23 15:21:10'),
(701, 2, 546, 30, 663, '2024-03-23 15:21:18'),
(702, 2, 546, 30, 664, '2024-03-23 15:21:26'),
(703, 2, 546, 30, 665, '2024-03-23 15:21:33'),
(704, 2, 546, 30, 666, '2024-03-23 15:21:41'),
(705, 2, 546, 30, 667, '2024-03-23 15:21:49'),
(706, 2, 546, 30, 668, '2024-03-23 15:21:57'),
(707, 2, 546, 30, 669, '2024-03-23 15:22:04'),
(708, 2, 546, 30, 670, '2024-03-23 15:22:12'),
(709, 2, 546, 30, 671, '2024-03-23 15:22:20'),
(710, 2, 546, 30, 672, '2024-03-23 15:22:27'),
(711, 2, 546, 30, 673, '2024-03-23 15:22:35'),
(712, 2, 546, 30, 674, '2024-03-23 15:22:43'),
(713, 2, 546, 30, 675, '2024-03-23 15:22:51'),
(714, 2, 546, 30, 676, '2024-03-23 15:22:59'),
(715, 2, 546, 30, 677, '2024-03-23 15:23:06'),
(716, 2, 546, 30, 678, '2024-03-23 15:23:14'),
(717, 2, 546, 30, 679, '2024-03-23 15:23:23'),
(718, 2, 546, 30, 680, '2024-03-23 15:23:31'),
(719, 2, 546, 30, 681, '2024-03-23 15:23:39'),
(720, 2, 546, 30, 682, '2024-03-23 15:23:47'),
(721, 2, 546, 30, 683, '2024-03-23 15:23:55'),
(722, 2, 546, 30, 684, '2024-03-23 15:24:02'),
(723, 2, 546, 30, 685, '2024-03-23 15:24:10'),
(724, 2, 546, 30, 686, '2024-03-23 15:24:19'),
(725, 2, 546, 30, 687, '2024-03-23 15:24:27'),
(726, 2, 546, 30, 688, '2024-03-23 15:24:35'),
(727, 2, 546, 30, 689, '2024-03-23 15:24:43'),
(728, 2, 546, 30, 690, '2024-03-23 15:24:51'),
(729, 2, 546, 30, 691, '2024-03-23 15:24:58'),
(730, 2, 546, 30, 692, '2024-03-23 15:25:06'),
(731, 2, 546, 30, 693, '2024-03-23 15:25:14'),
(732, 2, 546, 30, 694, '2024-03-23 15:25:21'),
(733, 2, 546, 30, 695, '2024-03-23 15:25:29'),
(734, 2, 546, 30, 696, '2024-03-23 15:25:37'),
(735, 2, 546, 30, 697, '2024-03-23 15:25:45'),
(736, 2, 546, 30, 698, '2024-03-23 15:25:53'),
(737, 2, 546, 30, 699, '2024-03-23 15:26:00'),
(738, 2, 546, 30, 700, '2024-03-23 15:26:08'),
(739, 2, 546, 30, 701, '2024-03-23 15:26:16'),
(740, 2, 546, 30, 702, '2024-03-23 15:26:23'),
(741, 2, 546, 30, 703, '2024-03-23 15:26:31'),
(742, 2, 546, 30, 704, '2024-03-23 15:26:39'),
(743, 2, 546, 30, 705, '2024-03-23 15:26:47'),
(744, 2, 546, 30, 706, '2024-03-23 15:26:55'),
(745, 2, 546, 30, 707, '2024-03-23 15:27:02'),
(746, 2, 546, 30, 708, '2024-03-23 15:27:10'),
(747, 2, 546, 30, 709, '2024-03-23 15:27:19'),
(748, 2, 546, 30, 710, '2024-03-23 15:27:27'),
(749, 2, 546, 30, 711, '2024-03-23 15:27:27'),
(750, 2, 546, 30, 712, '2024-03-23 15:27:31'),
(751, 2, 546, 30, 713, '2024-03-23 15:27:39'),
(752, 2, 546, 30, 714, '2024-03-23 15:27:47'),
(753, 2, 546, 30, 715, '2024-03-23 15:27:55'),
(754, 2, 546, 30, 716, '2024-03-23 15:28:00'),
(755, 2, 546, 30, 717, '2024-03-23 15:28:08'),
(756, 2, 546, 30, 718, '2024-03-23 15:28:16'),
(757, 2, 546, 30, 719, '2024-03-23 15:28:23'),
(758, 2, 546, 30, 720, '2024-03-23 15:28:26'),
(759, 2, 546, 30, 721, '2024-03-23 15:28:32'),
(760, 2, 546, 30, 722, '2024-03-23 15:28:39'),
(761, 2, 546, 30, 723, '2024-03-23 15:28:41'),
(762, 2, 546, 30, 724, '2024-03-23 15:28:49'),
(763, 2, 546, 30, 725, '2024-03-23 15:28:57'),
(764, 2, 546, 30, 726, '2024-03-23 15:29:04'),
(765, 2, 546, 30, 727, '2024-03-23 15:29:12'),
(766, 2, 546, 30, 728, '2024-03-23 15:29:20'),
(767, 2, 546, 30, 729, '2024-03-23 15:29:29'),
(768, 2, 546, 30, 730, '2024-03-23 15:29:35'),
(769, 2, 546, 30, 731, '2024-03-23 15:29:43'),
(770, 2, 213, 6, 207, '2024-03-23 15:29:44'),
(771, 2, 213, 6, 208, '2024-03-23 15:29:51'),
(772, 2, 546, 30, 732, '2024-03-23 15:29:51'),
(773, 2, 213, 6, 209, '2024-03-23 15:29:59'),
(774, 2, 546, 30, 733, '2024-03-23 15:29:59'),
(775, 2, 213, 6, 210, '2024-03-23 15:30:06'),
(776, 2, 546, 30, 734, '2024-03-23 15:30:06'),
(777, 2, 213, 6, 211, '2024-03-23 15:30:14'),
(778, 2, 546, 30, 735, '2024-03-23 15:30:14'),
(779, 2, 213, 6, 212, '2024-03-23 15:30:23'),
(780, 2, 546, 30, 736, '2024-03-23 15:30:23'),
(781, 2, 213, 6, 213, '2024-03-23 15:30:31'),
(782, 2, 546, 30, 737, '2024-03-23 15:30:31'),
(783, 2, 213, 6, 214, '2024-03-23 15:30:39'),
(784, 2, 546, 30, 738, '2024-03-23 15:30:39'),
(785, 2, 213, 6, 215, '2024-03-23 15:30:47'),
(786, 2, 546, 30, 739, '2024-03-23 15:30:47'),
(787, 2, 213, 6, 216, '2024-03-23 15:30:55'),
(788, 2, 546, 30, 740, '2024-03-23 15:30:55'),
(789, 2, 213, 6, 217, '2024-03-23 15:31:02'),
(790, 2, 546, 30, 741, '2024-03-23 15:31:02'),
(791, 2, 213, 6, 218, '2024-03-23 15:31:10'),
(792, 2, 546, 30, 742, '2024-03-23 15:31:10'),
(793, 2, 213, 6, 219, '2024-03-23 15:31:17'),
(794, 2, 546, 30, 743, '2024-03-23 15:31:17'),
(795, 2, 213, 6, 220, '2024-03-23 15:31:25'),
(796, 2, 546, 30, 744, '2024-03-23 15:31:25'),
(797, 2, 213, 6, 221, '2024-03-23 15:31:33'),
(798, 2, 546, 30, 745, '2024-03-23 15:31:33'),
(799, 2, 213, 6, 222, '2024-03-23 15:31:41'),
(800, 2, 546, 30, 746, '2024-03-23 15:31:41'),
(801, 2, 213, 6, 223, '2024-03-23 15:31:48'),
(802, 2, 546, 30, 747, '2024-03-23 15:31:48'),
(803, 2, 213, 6, 224, '2024-03-23 15:31:56'),
(804, 2, 546, 30, 748, '2024-03-23 15:31:56'),
(805, 2, 213, 6, 225, '2024-03-23 15:32:04'),
(806, 2, 546, 30, 749, '2024-03-23 15:32:04'),
(807, 2, 213, 6, 226, '2024-03-23 15:32:12'),
(808, 2, 546, 30, 750, '2024-03-23 15:32:12'),
(809, 2, 213, 6, 227, '2024-03-23 15:32:19'),
(810, 2, 546, 30, 751, '2024-03-23 15:32:19'),
(811, 2, 213, 6, 228, '2024-03-23 15:32:27'),
(812, 2, 213, 6, 229, '2024-03-23 15:32:35'),
(813, 2, 213, 6, 230, '2024-03-23 15:32:42'),
(814, 2, 213, 6, 231, '2024-03-23 15:32:50'),
(815, 2, 213, 6, 232, '2024-03-23 15:32:58'),
(816, 2, 213, 6, 233, '2024-03-23 15:33:06'),
(817, 2, 213, 6, 234, '2024-03-23 15:33:15'),
(818, 2, 213, 6, 235, '2024-03-23 15:33:21'),
(819, 2, 213, 6, 236, '2024-03-23 15:33:29'),
(820, 2, 213, 6, 237, '2024-03-23 15:33:37'),
(821, 2, 213, 6, 238, '2024-03-23 15:33:46'),
(822, 2, 213, 6, 239, '2024-03-23 15:33:54'),
(823, 2, 213, 6, 240, '2024-03-23 15:34:02'),
(824, 2, 213, 6, 241, '2024-03-23 15:34:10'),
(825, 2, 213, 6, 242, '2024-03-23 15:34:17'),
(826, 2, 213, 6, 243, '2024-03-23 15:34:25'),
(827, 2, 213, 6, 244, '2024-03-23 15:34:33'),
(828, 2, 213, 6, 245, '2024-03-23 15:34:41'),
(829, 2, 213, 6, 246, '2024-03-23 15:34:48'),
(830, 2, 213, 6, 247, '2024-03-23 15:34:56'),
(831, 2, 213, 6, 248, '2024-03-23 15:35:04'),
(832, 2, 213, 6, 249, '2024-03-23 15:35:12'),
(833, 2, 213, 6, 250, '2024-03-23 15:35:21'),
(834, 2, 213, 6, 251, '2024-03-23 15:35:29'),
(835, 2, 213, 6, 252, '2024-03-23 15:35:37'),
(836, 2, 213, 6, 253, '2024-03-23 15:35:45'),
(837, 2, 213, 6, 254, '2024-03-23 15:35:52'),
(838, 2, 213, 6, 255, '2024-03-23 15:36:00'),
(839, 2, 213, 6, 256, '2024-03-23 15:36:08'),
(840, 2, 213, 6, 257, '2024-03-23 15:36:17'),
(841, 2, 213, 6, 258, '2024-03-23 15:36:25'),
(842, 2, 213, 6, 259, '2024-03-23 15:36:33'),
(843, 2, 213, 6, 260, '2024-03-23 15:36:41'),
(844, 2, 213, 6, 261, '2024-03-23 15:36:49'),
(845, 2, 213, 6, 262, '2024-03-23 15:36:56'),
(846, 2, 213, 6, 263, '2024-03-23 15:37:04'),
(847, 2, 213, 6, 264, '2024-03-23 15:37:12'),
(848, 2, 213, 6, 265, '2024-03-23 15:37:19'),
(849, 2, 213, 6, 266, '2024-03-23 15:37:27'),
(850, 2, 213, 6, 267, '2024-03-23 15:37:35'),
(851, 2, 213, 6, 268, '2024-03-23 15:37:43'),
(852, 2, 213, 6, 269, '2024-03-23 15:37:52'),
(853, 2, 213, 6, 270, '2024-03-23 15:38:00'),
(854, 2, 213, 6, 271, '2024-03-23 15:38:08'),
(855, 2, 213, 6, 272, '2024-03-23 15:38:16'),
(856, 2, 213, 6, 273, '2024-03-23 15:38:23'),
(857, 2, 213, 6, 274, '2024-03-23 15:38:31'),
(858, 2, 213, 6, 275, '2024-03-23 15:38:39'),
(859, 2, 213, 6, 276, '2024-03-23 15:38:47'),
(860, 2, 213, 6, 277, '2024-03-23 15:38:56'),
(861, 2, 213, 6, 278, '2024-03-23 15:39:04'),
(862, 2, 213, 6, 279, '2024-03-23 15:39:12'),
(863, 2, 213, 6, 280, '2024-03-23 15:39:19'),
(864, 2, 213, 6, 281, '2024-03-23 15:39:27'),
(865, 2, 213, 6, 282, '2024-03-23 15:39:35'),
(866, 2, 213, 6, 283, '2024-03-23 15:39:43'),
(867, 2, 213, 6, 284, '2024-03-23 15:39:50'),
(868, 2, 213, 6, 285, '2024-03-23 15:39:58'),
(869, 2, 213, 6, 286, '2024-03-23 15:40:06'),
(870, 2, 213, 6, 287, '2024-03-23 15:40:14'),
(871, 2, 213, 6, 288, '2024-03-23 15:40:21'),
(872, 2, 213, 6, 289, '2024-03-23 15:40:29'),
(873, 2, 213, 6, 290, '2024-03-23 15:40:37'),
(874, 2, 213, 6, 291, '2024-03-23 15:40:45'),
(875, 2, 213, 6, 292, '2024-03-23 15:40:52'),
(876, 2, 213, 6, 293, '2024-03-23 15:41:00'),
(877, 2, 213, 6, 294, '2024-03-23 15:41:08'),
(878, 2, 213, 6, 295, '2024-03-23 15:41:16'),
(879, 2, 213, 6, 296, '2024-03-23 15:41:23'),
(880, 2, 213, 6, 297, '2024-03-23 15:41:31'),
(881, 2, 213, 6, 298, '2024-03-23 15:41:39'),
(882, 2, 213, 6, 299, '2024-03-23 15:41:48'),
(883, 2, 213, 6, 300, '2024-03-23 15:41:56'),
(884, 2, 213, 6, 301, '2024-03-23 15:42:04'),
(885, 2, 213, 6, 302, '2024-03-23 15:42:12'),
(886, 2, 213, 6, 303, '2024-03-23 15:42:21'),
(887, 2, 213, 6, 304, '2024-03-23 15:42:29'),
(888, 2, 213, 6, 305, '2024-03-23 15:42:37'),
(889, 2, 213, 6, 306, '2024-03-23 15:42:45'),
(890, 2, 213, 6, 307, '2024-03-23 15:42:53'),
(891, 2, 213, 6, 308, '2024-03-23 15:43:00'),
(892, 2, 213, 6, 309, '2024-03-23 15:43:08'),
(893, 2, 213, 6, 310, '2024-03-23 15:43:16'),
(894, 2, 213, 6, 311, '2024-03-23 15:43:23'),
(895, 2, 213, 6, 312, '2024-03-23 15:43:31'),
(896, 2, 213, 6, 313, '2024-03-23 15:43:39'),
(897, 2, 213, 6, 314, '2024-03-23 15:43:47'),
(898, 2, 213, 6, 315, '2024-03-23 15:43:54'),
(899, 2, 213, 6, 316, '2024-03-23 15:44:02'),
(900, 2, 213, 6, 317, '2024-03-23 15:44:10'),
(901, 2, 213, 6, 318, '2024-03-23 15:44:19'),
(902, 2, 213, 6, 319, '2024-03-23 15:44:27'),
(903, 2, 213, 6, 320, '2024-03-23 15:44:35'),
(904, 2, 213, 6, 321, '2024-03-23 15:44:43'),
(905, 2, 213, 6, 322, '2024-03-23 15:44:51'),
(906, 2, 213, 6, 323, '2024-03-23 15:44:58'),
(907, 2, 213, 6, 324, '2024-03-23 15:45:06'),
(908, 2, 213, 6, 325, '2024-03-23 15:45:14'),
(909, 2, 213, 6, 326, '2024-03-23 15:45:21'),
(910, 2, 213, 6, 327, '2024-03-23 15:45:29'),
(911, 2, 213, 6, 328, '2024-03-23 15:45:37'),
(912, 2, 213, 6, 329, '2024-03-23 15:45:45'),
(913, 2, 213, 6, 330, '2024-03-23 15:45:53'),
(914, 2, 213, 6, 331, '2024-03-23 15:46:00'),
(915, 2, 213, 6, 332, '2024-03-23 15:46:08'),
(916, 2, 213, 6, 333, '2024-03-23 15:46:16'),
(917, 2, 213, 6, 334, '2024-03-23 15:46:24'),
(918, 2, 213, 6, 335, '2024-03-23 15:46:31'),
(919, 2, 213, 6, 336, '2024-03-23 15:46:39'),
(920, 2, 213, 6, 337, '2024-03-23 15:46:47'),
(921, 2, 213, 6, 338, '2024-03-23 15:46:59'),
(922, 2, 213, 6, 339, '2024-03-23 15:47:06'),
(923, 2, 213, 6, 340, '2024-03-23 15:47:14'),
(924, 2, 213, 6, 341, '2024-03-23 15:47:21'),
(925, 2, 213, 6, 342, '2024-03-23 15:47:29'),
(926, 2, 213, 6, 343, '2024-03-23 15:47:37'),
(927, 2, 213, 6, 344, '2024-03-23 15:47:44'),
(928, 2, 213, 6, 345, '2024-03-23 15:47:52'),
(929, 2, 213, 6, 346, '2024-03-23 15:48:00'),
(930, 2, 213, 6, 347, '2024-03-23 15:48:08'),
(931, 2, 213, 6, 348, '2024-03-23 15:48:16'),
(932, 2, 213, 6, 349, '2024-03-23 15:48:25'),
(933, 2, 213, 6, 350, '2024-03-23 15:48:33'),
(934, 2, 213, 6, 351, '2024-03-23 15:48:41'),
(935, 2, 213, 6, 352, '2024-03-23 15:48:50'),
(936, 2, 213, 6, 353, '2024-03-23 15:48:58'),
(937, 2, 213, 6, 354, '2024-03-23 15:49:06'),
(938, 2, 213, 6, 355, '2024-03-23 15:49:14'),
(939, 2, 213, 6, 356, '2024-03-23 15:49:22'),
(940, 2, 213, 6, 357, '2024-03-23 15:49:29'),
(941, 2, 213, 6, 358, '2024-03-23 15:49:37'),
(942, 2, 213, 6, 359, '2024-03-23 15:49:45'),
(943, 2, 213, 6, 360, '2024-03-23 15:49:53'),
(944, 2, 213, 6, 361, '2024-03-23 15:50:00'),
(945, 2, 213, 6, 362, '2024-03-23 15:50:08'),
(946, 2, 213, 6, 363, '2024-03-23 15:50:16'),
(947, 2, 213, 6, 364, '2024-03-23 15:50:23'),
(948, 2, 213, 6, 365, '2024-03-23 15:50:31'),
(949, 2, 213, 6, 366, '2024-03-23 15:50:39'),
(950, 2, 213, 6, 367, '2024-03-23 15:50:46'),
(951, 2, 213, 6, 368, '2024-03-23 15:50:54'),
(952, 2, 213, 6, 369, '2024-03-23 15:51:02'),
(953, 2, 213, 6, 370, '2024-03-23 15:51:12'),
(954, 2, 213, 6, 371, '2024-03-23 15:51:19'),
(955, 2, 213, 6, 372, '2024-03-23 15:51:27'),
(956, 2, 213, 6, 373, '2024-03-23 15:51:35'),
(957, 2, 213, 6, 374, '2024-03-23 15:51:42'),
(958, 2, 213, 6, 375, '2024-03-23 15:51:50'),
(959, 2, 213, 6, 376, '2024-03-23 15:51:58'),
(960, 2, 213, 6, 377, '2024-03-23 15:52:06'),
(961, 2, 213, 6, 378, '2024-03-23 15:52:14'),
(962, 2, 213, 6, 379, '2024-03-23 15:52:22'),
(963, 2, 213, 6, 380, '2024-03-23 15:52:29'),
(964, 2, 213, 6, 381, '2024-03-23 15:52:37'),
(965, 2, 213, 6, 382, '2024-03-23 15:52:45'),
(966, 2, 213, 6, 383, '2024-03-23 15:52:53'),
(967, 2, 213, 6, 384, '2024-03-23 15:53:00'),
(968, 2, 213, 6, 385, '2024-03-23 15:53:08'),
(969, 2, 213, 6, 386, '2024-03-23 15:53:16'),
(970, 2, 546, 30, 752, '2024-03-23 15:53:24'),
(971, 2, 213, 6, 387, '2024-03-23 15:53:24'),
(972, 2, 213, 6, 388, '2024-03-23 15:53:31'),
(973, 2, 546, 30, 753, '2024-03-23 15:53:31'),
(974, 2, 213, 6, 389, '2024-03-23 15:53:39'),
(975, 2, 546, 30, 754, '2024-03-23 15:53:39'),
(976, 2, 213, 6, 390, '2024-03-23 15:53:47'),
(977, 2, 546, 30, 755, '2024-03-23 15:53:47'),
(978, 2, 213, 6, 391, '2024-03-23 15:53:55'),
(979, 2, 546, 30, 756, '2024-03-23 15:53:55'),
(980, 2, 213, 6, 392, '2024-03-23 15:54:02'),
(981, 2, 546, 30, 757, '2024-03-23 15:54:02'),
(982, 2, 213, 6, 393, '2024-03-23 15:54:10'),
(983, 2, 546, 30, 758, '2024-03-23 16:01:37'),
(984, 2, 546, 30, 759, '2024-03-23 16:08:04'),
(985, 2, 546, 30, 760, '2024-03-23 16:08:12'),
(986, 2, 546, 30, 761, '2024-03-23 16:08:20'),
(987, 2, 546, 30, 762, '2024-03-23 16:08:28'),
(988, 2, 546, 30, 763, '2024-03-23 16:19:25'),
(989, 2, 546, 30, 764, '2024-03-23 16:19:57'),
(990, 2, 546, 30, 765, '2024-03-23 16:20:20'),
(991, 2, 546, 30, 766, '2024-03-23 16:21:35'),
(992, 2, 546, 30, 767, '2024-03-23 16:27:08'),
(993, 2, 546, 30, 768, '2024-03-23 16:36:18'),
(994, 2, 546, 30, 769, '2024-03-23 16:36:25'),
(995, 2, 546, 30, 770, '2024-03-23 16:36:32'),
(996, 2, 546, 30, 771, '2024-03-23 16:36:39'),
(997, 2, 546, 30, 772, '2024-03-23 16:36:46'),
(998, 2, 546, 30, 773, '2024-03-23 16:36:53'),
(999, 2, 546, 30, 774, '2024-03-23 16:37:00'),
(1000, 2, 546, 30, 775, '2024-03-23 16:37:07'),
(1001, 2, 546, 30, 776, '2024-03-23 16:37:14'),
(1002, 2, 546, 30, 777, '2024-03-23 16:37:43'),
(1003, 2, 546, 30, 778, '2024-03-23 17:43:28'),
(1004, 2, 546, 30, 779, '2024-03-23 17:43:35'),
(1005, 2, 546, 30, 780, '2024-03-23 17:43:44'),
(1006, 2, 546, 30, 781, '2024-03-23 17:43:52'),
(1007, 2, 546, 30, 782, '2024-03-23 17:44:04'),
(1008, 2, 546, 30, 783, '2024-03-23 17:44:36'),
(1009, 2, 546, 30, 784, '2024-03-23 17:44:55'),
(1010, 2, 546, 30, 785, '2024-03-23 17:45:02'),
(1011, 2, 546, 30, 786, '2024-03-23 17:45:14'),
(1012, 2, 546, 30, 787, '2024-03-23 17:45:52'),
(1013, 2, 546, 30, 788, '2024-03-23 17:46:32'),
(1014, 2, 546, 30, 789, '2024-03-23 17:47:45'),
(1015, 2, 546, 30, 790, '2024-03-23 17:48:24'),
(1016, 2, 546, 30, 791, '2024-03-23 17:48:35'),
(1017, 2, 546, 30, 792, '2024-03-23 17:48:47'),
(1018, 2, 546, 30, 793, '2024-03-23 17:49:21'),
(1019, 2, 546, 30, 794, '2024-03-23 17:49:57'),
(1020, 2, 546, 30, 795, '2024-03-23 17:50:51'),
(1021, 2, 546, 30, 796, '2024-03-23 17:52:03'),
(1022, 2, 546, 30, 797, '2024-03-23 17:53:04'),
(1023, 2, 546, 30, 798, '2024-03-23 17:54:31'),
(1024, 2, 546, 30, 799, '2024-03-23 17:57:03'),
(1025, 2, 546, 30, 800, '2024-03-23 17:57:49'),
(1026, 2, 546, 30, 801, '2024-03-23 17:58:41'),
(1027, 2, 546, 30, 802, '2024-03-23 17:58:50'),
(1028, 2, 546, 30, 803, '2024-03-23 17:59:22'),
(1029, 2, 546, 30, 804, '2024-03-23 17:59:29'),
(1030, 2, 546, 30, 805, '2024-03-23 17:59:41'),
(1031, 2, 546, 30, 806, '2024-03-23 18:00:22'),
(1032, 2, 546, 30, 807, '2024-03-23 18:02:04'),
(1033, 2, 546, 30, 808, '2024-03-23 18:02:14'),
(1034, 2, 546, 30, 809, '2024-03-23 18:06:36'),
(1035, 2, 546, 30, 810, '2024-03-23 18:07:40'),
(1036, 2, 546, 30, 811, '2024-03-23 18:07:47'),
(1037, 2, 546, 30, 812, '2024-03-23 18:08:47'),
(1038, 2, 546, 30, 813, '2024-03-23 18:08:58'),
(1039, 2, 546, 30, 814, '2024-03-23 18:09:10'),
(1040, 2, 546, 30, 815, '2024-03-23 18:09:22'),
(1041, 2, 546, 30, 816, '2024-03-23 18:10:21'),
(1042, 2, 546, 30, 817, '2024-03-23 18:11:59'),
(1043, 2, 213, 6, 394, '2024-03-23 18:13:37'),
(1044, 2, 213, 6, 395, '2024-03-23 18:14:14'),
(1045, 2, 213, 6, 396, '2024-03-23 18:14:24'),
(1046, 2, 213, 6, 397, '2024-03-23 18:14:36'),
(1047, 2, 213, 6, 398, '2024-03-23 18:16:04'),
(1048, 2, 213, 6, 399, '2024-03-23 18:16:13'),
(1049, 2, 213, 6, 400, '2024-03-23 18:16:42'),
(1050, 2, 213, 6, 401, '2024-03-23 18:16:48'),
(1051, 2, 213, 6, 402, '2024-03-23 18:17:00'),
(1052, 2, 213, 6, 403, '2024-03-23 18:17:30'),
(1053, 2, 546, 30, 818, '2024-03-23 18:19:12'),
(1054, 2, 546, 30, 819, '2024-03-23 18:19:24'),
(1055, 2, 546, 30, 820, '2024-03-23 18:19:28'),
(1056, 2, 546, 30, 821, '2024-03-23 18:19:32'),
(1057, 2, 546, 30, 822, '2024-03-23 18:19:35'),
(1058, 2, 546, 30, 823, '2024-03-23 18:19:39'),
(1059, 2, 546, 30, 824, '2024-03-23 18:19:47'),
(1060, 2, 546, 30, 825, '2024-03-23 18:19:59'),
(1061, 2, 546, 30, 826, '2024-03-23 18:20:11'),
(1062, 2, 546, 30, 827, '2024-03-24 05:01:40'),
(1063, 2, 546, 30, 828, '2024-03-24 05:01:52'),
(1064, 2, 546, 30, 829, '2024-03-24 05:02:38'),
(1065, 2, 546, 30, 830, '2024-03-24 05:02:44'),
(1066, 2, 546, 30, 831, '2024-03-24 05:02:51'),
(1067, 2, 546, 30, 832, '2024-03-24 05:02:57'),
(1068, 2, 546, 30, 833, '2024-03-24 05:03:04'),
(1069, 2, 546, 30, 834, '2024-03-24 05:03:10'),
(1070, 2, 546, 30, 835, '2024-03-24 05:03:17'),
(1071, 2, 546, 30, 836, '2024-03-24 05:03:23'),
(1072, 2, 546, 30, 837, '2024-03-24 05:03:29'),
(1073, 2, 546, 30, 838, '2024-03-24 05:03:35'),
(1074, 2, 546, 30, 839, '2024-03-24 05:03:41'),
(1075, 2, 546, 30, 840, '2024-03-24 05:03:47'),
(1076, 2, 546, 30, 841, '2024-03-24 05:03:54'),
(1077, 2, 546, 30, 842, '2024-03-24 05:04:00'),
(1078, 2, 546, 30, 843, '2024-03-24 05:04:06'),
(1079, 2, 546, 30, 844, '2024-03-24 05:05:22'),
(1080, 2, 546, 30, 845, '2024-03-24 05:05:29'),
(1081, 2, 546, 30, 846, '2024-03-24 05:05:35'),
(1082, 2, 546, 30, 847, '2024-03-24 05:05:41'),
(1083, 2, 546, 30, 848, '2024-03-24 05:05:47'),
(1084, 2, 546, 30, 849, '2024-03-24 05:05:53'),
(1085, 2, 546, 30, 850, '2024-03-24 05:06:00'),
(1086, 2, 546, 30, 851, '2024-03-24 05:06:06'),
(1087, 2, 546, 30, 852, '2024-03-24 05:06:12'),
(1088, 2, 546, 30, 853, '2024-03-24 05:06:15'),
(1089, 2, 546, 30, 854, '2024-03-24 05:06:21'),
(1090, 2, 546, 30, 855, '2024-03-24 05:06:27'),
(1091, 2, 546, 30, 856, '2024-03-24 05:06:33'),
(1092, 2, 546, 30, 857, '2024-03-24 05:06:39'),
(1093, 2, 546, 30, 858, '2024-03-24 05:06:45'),
(1094, 2, 546, 30, 859, '2024-03-24 05:06:52'),
(1095, 2, 546, 30, 860, '2024-03-24 05:06:58'),
(1096, 2, 546, 30, 861, '2024-03-24 05:07:04'),
(1097, 2, 546, 30, 862, '2024-03-24 05:07:10'),
(1098, 2, 546, 30, 863, '2024-03-24 05:07:17'),
(1099, 2, 546, 30, 864, '2024-03-24 05:07:23'),
(1100, 2, 546, 30, 865, '2024-03-24 05:27:48'),
(1101, 2, 546, 30, 866, '2024-03-24 05:28:15'),
(1102, 2, 546, 30, 867, '2024-03-24 05:28:22'),
(1103, 2, 546, 30, 868, '2024-03-24 05:28:28'),
(1104, 2, 546, 30, 869, '2024-03-24 05:28:35'),
(1105, 2, 546, 30, 870, '2024-03-24 05:28:41'),
(1106, 2, 546, 30, 871, '2024-03-24 05:32:30'),
(1107, 2, 546, 30, 872, '2024-03-24 05:32:36'),
(1108, 2, 546, 30, 873, '2024-03-24 05:32:43'),
(1109, 2, 546, 30, 874, '2024-03-24 05:32:49'),
(1110, 2, 546, 30, 875, '2024-03-24 05:32:55'),
(1111, 2, 546, 30, 876, '2024-03-24 05:33:02'),
(1112, 2, 546, 30, 877, '2024-03-24 05:33:08'),
(1113, 2, 546, 30, 878, '2024-03-24 05:33:14'),
(1114, 2, 546, 30, 879, '2024-03-24 05:36:14');
INSERT INTO `bidding_history` (`id`, `user_id`, `auction_id`, `category_id`, `bid_price`, `created_at`) VALUES
(1115, 3, 546, 30, 880, '2024-03-24 05:36:20'),
(1116, 2, 546, 30, 881, '2024-03-24 05:36:26'),
(1117, 3, 546, 30, 882, '2024-03-24 05:36:33'),
(1118, 2, 546, 30, 883, '2024-03-24 05:36:39'),
(1119, 3, 546, 30, 884, '2024-03-24 05:36:45'),
(1120, 2, 546, 30, 885, '2024-03-24 05:36:51'),
(1121, 3, 546, 30, 886, '2024-03-24 05:36:57'),
(1122, 2, 546, 30, 887, '2024-03-24 05:37:04'),
(1123, 3, 546, 30, 888, '2024-03-24 05:37:10'),
(1124, 7, 546, 30, 889, '2024-03-24 05:37:16'),
(1125, 2, 546, 30, 890, '2024-03-24 05:37:22'),
(1126, 3, 546, 30, 891, '2024-03-24 05:37:29'),
(1127, 7, 546, 30, 892, '2024-03-24 05:37:35'),
(1128, 2, 546, 30, 893, '2024-03-24 05:37:41'),
(1129, 3, 546, 30, 894, '2024-03-24 05:37:47'),
(1130, 7, 546, 30, 895, '2024-03-24 05:37:53'),
(1131, 2, 546, 30, 896, '2024-03-24 05:37:58'),
(1132, 2, 546, 30, 897, '2024-03-24 05:38:01'),
(1133, 2, 546, 30, 898, '2024-03-24 05:38:04'),
(1134, 2, 546, 30, 899, '2024-03-24 05:38:10'),
(1135, 3, 546, 30, 900, '2024-03-24 05:38:16'),
(1136, 7, 546, 30, 901, '2024-03-24 05:38:22'),
(1137, 2, 546, 30, 902, '2024-03-24 05:38:29'),
(1138, 3, 546, 30, 903, '2024-03-24 05:38:35'),
(1139, 7, 546, 30, 904, '2024-03-24 05:38:41'),
(1140, 2, 546, 30, 905, '2024-03-24 05:38:48'),
(1141, 3, 546, 30, 906, '2024-03-24 05:38:54'),
(1142, 7, 546, 30, 907, '2024-03-24 05:39:00'),
(1143, 2, 546, 30, 908, '2024-03-24 05:39:06'),
(1144, 3, 546, 30, 909, '2024-03-24 05:39:12'),
(1145, 7, 546, 30, 910, '2024-03-24 05:39:18'),
(1146, 2, 546, 30, 911, '2024-03-24 05:39:24'),
(1147, 3, 546, 30, 912, '2024-03-24 05:39:31'),
(1148, 7, 546, 30, 913, '2024-03-24 05:39:37'),
(1149, 2, 546, 30, 914, '2024-03-24 05:39:43'),
(1150, 3, 546, 30, 915, '2024-03-24 05:39:49'),
(1151, 7, 546, 30, 916, '2024-03-24 05:39:55'),
(1152, 2, 546, 30, 917, '2024-03-24 05:40:02'),
(1153, 3, 546, 30, 918, '2024-03-24 05:40:08'),
(1154, 7, 546, 30, 919, '2024-03-24 05:40:14'),
(1155, 3, 546, 30, 920, '2024-03-24 05:40:20'),
(1156, 2, 546, 30, 921, '2024-03-24 05:40:23'),
(1157, 7, 546, 30, 922, '2024-03-24 05:40:30'),
(1158, 2, 546, 30, 923, '2024-03-24 05:40:35'),
(1159, 7, 546, 30, 924, '2024-03-24 05:40:42'),
(1160, 2, 546, 30, 925, '2024-03-24 05:40:45'),
(1161, 7, 546, 30, 926, '2024-03-24 05:40:51'),
(1162, 2, 546, 30, 927, '2024-03-24 05:40:51'),
(1163, 7, 546, 30, 928, '2024-03-24 05:40:57'),
(1164, 7, 546, 30, 929, '2024-03-24 05:41:04'),
(1165, 2, 546, 30, 930, '2024-03-24 05:41:38'),
(1166, 2, 546, 30, 931, '2024-03-24 05:42:03'),
(1167, 2, 546, 30, 932, '2024-03-24 05:42:33'),
(1168, 2, 546, 30, 933, '2024-03-24 05:42:34'),
(1169, 2, 546, 30, 934, '2024-03-24 05:44:31'),
(1170, 7, 546, 30, 935, '2024-03-24 05:44:37'),
(1171, 7, 546, 30, 936, '2024-03-24 05:44:43'),
(1172, 7, 546, 30, 937, '2024-03-24 05:44:49'),
(1173, 2, 546, 30, 938, '2024-03-24 05:45:36'),
(1174, 2, 546, 30, 939, '2024-03-24 05:45:43'),
(1175, 2, 546, 30, 940, '2024-03-24 05:45:49'),
(1176, 2, 546, 30, 941, '2024-03-24 05:45:55'),
(1177, 2, 546, 30, 942, '2024-03-24 05:47:05'),
(1178, 2, 546, 30, 943, '2024-03-24 05:47:12'),
(1179, 2, 546, 30, 944, '2024-03-24 05:47:18'),
(1180, 2, 546, 30, 945, '2024-03-24 05:47:19'),
(1181, 2, 546, 30, 946, '2024-03-24 05:47:26'),
(1182, 2, 546, 30, 947, '2024-03-24 05:48:35'),
(1183, 2, 546, 30, 948, '2024-03-24 05:48:42'),
(1184, 2, 546, 30, 949, '2024-03-24 05:49:03'),
(1185, 7, 546, 30, 950, '2024-03-24 05:49:10'),
(1186, 7, 546, 30, 951, '2024-03-24 05:49:16'),
(1187, 7, 546, 30, 952, '2024-03-24 05:49:22'),
(1188, 2, 546, 30, 953, '2024-03-24 18:07:37'),
(1189, 2, 546, 30, 954, '2024-03-24 18:07:59'),
(1190, 2, 546, 30, 955, '2024-03-24 18:08:17'),
(1191, 2, 546, 30, 956, '2024-03-24 18:13:17'),
(1192, 2, 546, 30, 957, '2024-03-24 18:13:24'),
(1193, 2, 546, 30, 958, '2024-03-24 18:13:31'),
(1194, 2, 546, 30, 959, '2024-03-24 18:13:37'),
(1195, 2, 546, 30, 960, '2024-03-24 18:13:43'),
(1196, 2, 546, 30, 961, '2024-03-24 18:13:49'),
(1197, 2, 546, 30, 962, '2024-03-24 18:13:55'),
(1198, 2, 546, 30, 963, '2024-03-24 18:14:02'),
(1199, 2, 546, 30, 964, '2024-03-24 18:14:08'),
(1200, 2, 546, 30, 965, '2024-03-24 18:14:14'),
(1201, 2, 546, 30, 966, '2024-03-24 18:14:20'),
(1202, 2, 546, 30, 967, '2024-03-24 18:21:55'),
(1203, 2, 546, 30, 968, '2024-03-24 18:22:12'),
(1204, 2, 546, 30, 969, '2024-03-24 18:23:21'),
(1205, 3, 546, 30, 970, '2024-03-24 18:23:27'),
(1206, 2, 546, 30, 971, '2024-03-24 18:23:33'),
(1207, 3, 546, 30, 972, '2024-03-24 18:23:39'),
(1208, 2, 546, 30, 973, '2024-03-24 18:23:45'),
(1209, 3, 546, 30, 974, '2024-03-24 18:23:53'),
(1210, 2, 546, 30, 975, '2024-03-24 18:23:59'),
(1211, 3, 546, 30, 976, '2024-03-24 18:24:06'),
(1212, 2, 546, 30, 977, '2024-03-24 18:24:12'),
(1213, 3, 546, 30, 978, '2024-03-24 18:24:18'),
(1214, 2, 546, 30, 979, '2024-03-24 18:24:24'),
(1215, 2, 546, 30, 980, '2024-03-24 19:43:53'),
(1216, 2, 546, 30, 981, '2024-03-24 19:45:21'),
(1217, 2, 546, 30, 982, '2024-03-24 19:45:28'),
(1218, 2, 546, 30, 983, '2024-03-24 19:45:34'),
(1219, 2, 546, 30, 984, '2024-03-24 19:45:40'),
(1220, 2, 546, 30, 985, '2024-03-24 19:45:46'),
(1221, 2, 546, 30, 986, '2024-03-24 19:45:53'),
(1222, 2, 546, 30, 987, '2024-03-24 19:45:59'),
(1223, 2, 546, 30, 988, '2024-03-24 19:46:06'),
(1224, 2, 546, 30, 989, '2024-03-24 19:46:12'),
(1225, 2, 546, 30, 990, '2024-03-24 19:46:23'),
(1226, 2, 546, 30, 991, '2024-03-24 19:46:29'),
(1227, 2, 546, 30, 992, '2024-03-24 19:46:37'),
(1228, 2, 546, 30, 993, '2024-03-24 19:46:43'),
(1229, 2, 546, 30, 994, '2024-03-24 19:46:50'),
(1230, 2, 546, 30, 995, '2024-03-24 19:46:56'),
(1231, 2, 546, 30, 996, '2024-03-24 19:47:04'),
(1232, 2, 546, 30, 997, '2024-03-24 19:47:10'),
(1233, 2, 546, 30, 998, '2024-03-24 19:47:21'),
(1234, 2, 546, 30, 999, '2024-03-24 19:47:27'),
(1235, 2, 546, 30, 1000, '2024-03-24 19:47:33'),
(1236, 2, 546, 30, 1001, '2024-03-24 19:47:39'),
(1237, 2, 546, 30, 1002, '2024-03-24 20:05:23'),
(1238, 2, 546, 30, 1003, '2024-03-24 20:07:26'),
(1239, 3, 546, 30, 1004, '2024-03-24 20:07:33'),
(1240, 2, 546, 30, 1005, '2024-03-24 20:07:39'),
(1241, 3, 546, 30, 1006, '2024-03-24 20:07:45'),
(1242, 2, 546, 30, 1007, '2024-03-24 20:07:51'),
(1243, 3, 546, 30, 1008, '2024-03-24 20:07:58'),
(1244, 2, 546, 30, 1009, '2024-03-24 20:08:04'),
(1245, 3, 546, 30, 1010, '2024-03-24 20:08:10'),
(1246, 2, 546, 30, 1011, '2024-03-24 20:08:16'),
(1247, 3, 546, 30, 1012, '2024-03-24 20:08:23'),
(1248, 2, 546, 30, 1013, '2024-03-24 20:08:29'),
(1249, 2, 546, 30, 1014, '2024-03-24 20:09:49'),
(1250, 2, 546, 30, 1015, '2024-03-24 20:15:22'),
(1251, 7, 546, 30, 1016, '2024-03-24 20:15:28');

-- --------------------------------------------------------

--
-- Table structure for table `bidding_queue`
--

CREATE TABLE `bidding_queue` (
  `id` bigint(20) UNSIGNED NOT NULL,
  `bid_buddy_id` bigint(20) UNSIGNED NOT NULL,
  `auction_id` bigint(20) UNSIGNED NOT NULL,
  `status` int(11) NOT NULL COMMENT ' 1 = pending  0=excuted',
  `created_at` timestamp NOT NULL DEFAULT current_timestamp()
) ENGINE=InnoDB DEFAULT CHARSET=utf8mb4 COLLATE=utf8mb4_unicode_ci;

--
-- Dumping data for table `bidding_queue`
--

INSERT INTO `bidding_queue` (`id`, `bid_buddy_id`, `auction_id`, `status`, `created_at`) VALUES
(1, 1, 213, 0, '2024-03-23 18:16:04'),
(2, 1, 213, 0, '2024-03-23 18:16:13'),
(3, 1, 213, 0, '2024-03-23 18:16:48'),
(4, 1, 213, 1, '2024-03-23 18:17:00'),
(5, 2, 546, 0, '2024-03-23 18:19:12'),
(6, 2, 546, 0, '2024-03-23 18:19:24'),
(7, 2, 546, 0, '2024-03-23 18:19:47'),
(8, 2, 546, 0, '2024-03-23 18:19:59'),
(9, 2, 546, 0, '2024-03-23 18:20:11'),
(10, 2, 546, 0, '2024-03-24 05:01:52'),
(11, 2, 546, 0, '2024-03-24 05:02:44'),
(12, 2, 546, 0, '2024-03-24 05:02:51'),
(13, 2, 546, 0, '2024-03-24 05:02:57'),
(14, 4, 546, 0, '2024-03-24 05:03:04'),
(15, 2, 546, 0, '2024-03-24 05:03:10'),
(16, 3, 546, 0, '2024-03-24 05:03:17'),
(17, 2, 546, 0, '2024-03-24 05:03:23'),
(18, 2, 546, 0, '2024-03-24 05:03:29'),
(19, 2, 546, 0, '2024-03-24 05:03:35'),
(20, 2, 546, 0, '2024-03-24 05:03:41'),
(21, 2, 546, 0, '2024-03-24 05:03:47'),
(22, 3, 546, 0, '2024-03-24 05:03:54'),
(23, 2, 546, 0, '2024-03-24 05:04:00'),
(24, 3, 546, 0, '2024-03-24 05:05:29'),
(25, 2, 546, 0, '2024-03-24 05:05:35'),
(26, 3, 546, 0, '2024-03-24 05:05:41'),
(27, 2, 546, 0, '2024-03-24 05:05:47'),
(28, 3, 546, 0, '2024-03-24 05:05:53'),
(29, 2, 546, 0, '2024-03-24 05:06:00'),
(30, 3, 546, 0, '2024-03-24 05:06:06'),
(31, 2, 546, 0, '2024-03-24 05:06:12'),
(32, 3, 546, 0, '2024-03-24 05:06:21'),
(33, 2, 546, 0, '2024-03-24 05:06:27'),
(34, 3, 546, 0, '2024-03-24 05:06:33'),
(35, 2, 546, 0, '2024-03-24 05:06:39'),
(36, 3, 546, 0, '2024-03-24 05:06:45'),
(37, 2, 546, 0, '2024-03-24 05:06:52'),
(38, 3, 546, 0, '2024-03-24 05:06:58'),
(39, 2, 546, 0, '2024-03-24 05:07:04'),
(40, 3, 546, 0, '2024-03-24 05:07:10'),
(41, 2, 546, 0, '2024-03-24 05:07:17'),
(42, 3, 546, 0, '2024-03-24 05:07:23'),
(43, 2, 546, 0, '2024-03-24 05:28:22'),
(44, 3, 546, 0, '2024-03-24 05:28:28'),
(45, 2, 546, 0, '2024-03-24 05:28:35'),
(46, 3, 546, 0, '2024-03-24 05:28:41'),
(47, 2, 546, 0, '2024-03-24 05:32:36'),
(48, 3, 546, 0, '2024-03-24 05:32:43'),
(49, 2, 546, 0, '2024-03-24 05:32:49'),
(50, 3, 546, 0, '2024-03-24 05:32:55'),
(51, 2, 546, 0, '2024-03-24 05:33:02'),
(52, 3, 546, 0, '2024-03-24 05:33:08'),
(53, 2, 546, 0, '2024-03-24 05:33:14'),
(54, 3, 546, 0, '2024-03-24 05:36:20'),
(55, 2, 546, 0, '2024-03-24 05:36:26'),
(56, 3, 546, 0, '2024-03-24 05:36:33'),
(57, 2, 546, 0, '2024-03-24 05:36:39'),
(58, 3, 546, 0, '2024-03-24 05:36:45'),
(59, 2, 546, 0, '2024-03-24 05:36:51'),
(60, 3, 546, 0, '2024-03-24 05:36:57'),
(61, 2, 546, 0, '2024-03-24 05:37:04'),
(62, 3, 546, 0, '2024-03-24 05:37:10'),
(63, 4, 546, 0, '2024-03-24 05:36:57'),
(64, 4, 546, 0, '2024-03-24 05:37:16'),
(65, 2, 546, 0, '2024-03-24 05:37:22'),
(66, 3, 546, 0, '2024-03-24 05:37:29'),
(67, 4, 546, 0, '2024-03-24 05:37:35'),
(68, 2, 546, 0, '2024-03-24 05:37:41'),
(69, 3, 546, 0, '2024-03-24 05:37:47'),
(70, 4, 546, 0, '2024-03-24 05:37:53'),
(71, 2, 546, 0, '2024-03-24 05:38:10'),
(72, 3, 546, 0, '2024-03-24 05:38:16'),
(73, 4, 546, 0, '2024-03-24 05:38:22'),
(74, 2, 546, 0, '2024-03-24 05:38:29'),
(75, 3, 546, 0, '2024-03-24 05:38:35'),
(76, 4, 546, 0, '2024-03-24 05:38:41'),
(77, 2, 546, 0, '2024-03-24 05:38:48'),
(78, 3, 546, 0, '2024-03-24 05:38:54'),
(79, 4, 546, 0, '2024-03-24 05:39:00'),
(80, 2, 546, 0, '2024-03-24 05:39:06'),
(81, 3, 546, 0, '2024-03-24 05:39:12'),
(82, 4, 546, 0, '2024-03-24 05:39:18'),
(83, 2, 546, 0, '2024-03-24 05:39:24'),
(84, 3, 546, 0, '2024-03-24 05:39:31'),
(85, 4, 546, 0, '2024-03-24 05:39:37'),
(86, 2, 546, 0, '2024-03-24 05:39:43'),
(87, 3, 546, 0, '2024-03-24 05:39:49'),
(88, 4, 546, 0, '2024-03-24 05:39:55'),
(89, 3, 546, 0, '2024-03-24 05:40:08'),
(90, 4, 546, 0, '2024-03-24 05:40:14'),
(91, 4, 546, 0, '2024-03-24 05:40:30'),
(92, 4, 546, 0, '2024-03-24 05:40:42'),
(93, 4, 546, 0, '2024-03-24 05:40:51'),
(94, 4, 546, 0, '2024-03-24 05:40:57'),
(95, 4, 546, 0, '2024-03-24 05:44:37'),
(96, 2, 546, 0, '2024-03-24 05:44:43'),
(97, 2, 546, 0, '2024-03-24 05:45:43'),
(98, 2, 546, 0, '2024-03-24 05:45:49'),
(99, 4, 546, 0, '2024-03-24 05:47:12'),
(100, 2, 546, 0, '2024-03-24 05:47:18'),
(101, 4, 546, 0, '2024-03-24 05:49:10'),
(102, 4, 546, 0, '2024-03-24 05:49:16'),
(103, 2, 546, 0, '2024-03-24 18:13:24'),
(104, 2, 546, 0, '2024-03-24 18:13:31'),
(105, 2, 546, 0, '2024-03-24 18:13:37'),
(106, 2, 546, 0, '2024-03-24 18:13:43'),
(107, 2, 546, 0, '2024-03-24 18:13:49'),
(108, 2, 546, 0, '2024-03-24 18:13:55'),
(109, 2, 546, 0, '2024-03-24 18:14:02'),
(110, 2, 546, 0, '2024-03-24 18:14:08'),
(111, 2, 546, 0, '2024-03-24 18:14:14'),
(112, 3, 546, 0, '2024-03-24 18:23:27'),
(113, 2, 546, 0, '2024-03-24 18:23:33'),
(114, 3, 546, 0, '2024-03-24 18:23:39'),
(115, 2, 546, 0, '2024-03-24 18:23:45'),
(116, 3, 546, 0, '2024-03-24 18:23:53'),
(117, 2, 546, 0, '2024-03-24 18:23:59'),
(118, 3, 546, 0, '2024-03-24 18:24:06'),
(119, 2, 546, 0, '2024-03-24 18:24:12'),
(120, 2, 546, 0, '2024-03-24 18:24:24'),
(121, 2, 546, 0, '2024-03-24 19:45:28'),
(122, 2, 546, 0, '2024-03-24 19:45:34'),
(123, 2, 546, 0, '2024-03-24 19:45:40'),
(124, 2, 546, 0, '2024-03-24 19:45:46'),
(125, 2, 546, 0, '2024-03-24 19:45:53'),
(126, 2, 546, 0, '2024-03-24 19:45:59'),
(127, 2, 546, 0, '2024-03-24 19:46:06'),
(128, 2, 546, 0, '2024-03-24 19:46:12'),
(129, 2, 546, 0, '2024-03-24 19:46:23'),
(130, 2, 546, 0, '2024-03-24 19:46:29'),
(131, 2, 546, 0, '2024-03-24 19:46:37'),
(132, 2, 546, 0, '2024-03-24 19:46:43'),
(133, 2, 546, 0, '2024-03-24 19:46:50'),
(134, 2, 546, 0, '2024-03-24 19:46:56'),
(135, 2, 546, 0, '2024-03-24 19:47:04'),
(136, 2, 546, 0, '2024-03-24 19:47:10'),
(137, 2, 546, 0, '2024-03-24 19:47:21'),
(138, 2, 546, 0, '2024-03-24 19:47:27'),
(139, 2, 546, 0, '2024-03-24 19:47:33'),
(140, 3, 546, 0, '2024-03-24 20:07:33'),
(141, 2, 546, 0, '2024-03-24 20:07:39'),
(142, 3, 546, 0, '2024-03-24 20:07:45'),
(143, 2, 546, 0, '2024-03-24 20:07:51'),
(144, 3, 546, 0, '2024-03-24 20:07:58'),
(145, 2, 546, 0, '2024-03-24 20:08:04'),
(146, 3, 546, 0, '2024-03-24 20:08:10'),
(147, 2, 546, 0, '2024-03-24 20:08:16'),
(148, 4, 546, 1, '2024-03-24 20:15:28');

-- --------------------------------------------------------

--
-- Table structure for table `bid_buddies`
--

CREATE TABLE `bid_buddies` (
  `id` bigint(20) UNSIGNED NOT NULL,
  `user_id` bigint(20) UNSIGNED NOT NULL,
  `auction_id` bigint(20) UNSIGNED NOT NULL,
  `available_bids` int(11) NOT NULL,
  `status` int(11) NOT NULL DEFAULT 1 COMMENT '1= running 0=deactive by user 3=runs out of bid 4=auction over',
  `created_at` timestamp NOT NULL DEFAULT current_timestamp()
) ENGINE=InnoDB DEFAULT CHARSET=utf8mb4 COLLATE=utf8mb4_unicode_ci;

--
-- Dumping data for table `bid_buddies`
--

INSERT INTO `bid_buddies` (`id`, `user_id`, `auction_id`, `available_bids`, `status`, `created_at`) VALUES
(1, 2, 213, 0, 4, '2024-03-23 18:16:04'),
(2, 2, 546, 0, 1, '2024-03-23 18:19:12'),
(3, 3, 546, 0, 1, '2024-03-23 18:19:12'),
(4, 7, 546, 19, 1, '2024-03-23 18:19:12');

-- --------------------------------------------------------

--
-- Table structure for table `bid_packages`
--

CREATE TABLE `bid_packages` (
  `id` bigint(20) UNSIGNED NOT NULL,
  `bid_amount` int(11) NOT NULL,
  `price` int(11) NOT NULL,
  `discount` int(11) NOT NULL DEFAULT 0 COMMENT ' precentage of discount when admin promot it ',
  `created_at` timestamp NOT NULL DEFAULT current_timestamp(),
  `updated_at` timestamp NOT NULL DEFAULT current_timestamp()
) ENGINE=InnoDB DEFAULT CHARSET=utf8mb4 COLLATE=utf8mb4_unicode_ci;

--
-- Dumping data for table `bid_packages`
--

INSERT INTO `bid_packages` (`id`, `bid_amount`, `price`, `discount`, `created_at`, `updated_at`) VALUES
(2, 50000, 1500, 0, '2024-01-20 04:12:59', '2024-03-12 12:32:37'),
(5, 200, 84, 10, '2024-01-20 04:13:11', '2024-03-12 12:39:08'),
(7, 6546, 84, 0, '2024-01-20 04:13:11', '2024-03-12 12:39:08'),
(8, 50000, 230, 10, '2024-01-20 04:12:59', '2024-03-12 12:32:37');

-- --------------------------------------------------------

--
-- Table structure for table `bookmarks`
--

CREATE TABLE `bookmarks` (
  `id` bigint(20) UNSIGNED NOT NULL,
  `user_id` bigint(20) UNSIGNED NOT NULL,
  `auction_id` bigint(20) UNSIGNED NOT NULL,
  `created_at` timestamp NOT NULL DEFAULT current_timestamp(),
  `updated_at` timestamp NOT NULL DEFAULT current_timestamp()
) ENGINE=InnoDB DEFAULT CHARSET=utf8mb4 COLLATE=utf8mb4_unicode_ci;

-- --------------------------------------------------------

--
-- Table structure for table `buy_it_now_offers`
--

CREATE TABLE `buy_it_now_offers` (
  `id` bigint(20) UNSIGNED NOT NULL,
  `user_id` bigint(20) UNSIGNED NOT NULL,
  `product_id` bigint(20) UNSIGNED NOT NULL,
  `spent_bids` int(11) NOT NULL DEFAULT 0,
  `status` int(11) NOT NULL DEFAULT 1 COMMENT '1=> available / 2=>used / 3=>expired',
  `time_limit` timestamp NOT NULL DEFAULT current_timestamp() ON UPDATE current_timestamp(),
  `created_at` timestamp NOT NULL DEFAULT current_timestamp(),
  `updated_at` timestamp NOT NULL DEFAULT current_timestamp()
) ENGINE=InnoDB DEFAULT CHARSET=utf8mb4 COLLATE=utf8mb4_unicode_ci;

--
-- Dumping data for table `buy_it_now_offers`
--

INSERT INTO `buy_it_now_offers` (`id`, `user_id`, `product_id`, `spent_bids`, `status`, `time_limit`, `created_at`, `updated_at`) VALUES
(1, 2, 7, 36, 3, '2024-03-19 07:36:12', '2024-03-12 08:43:41', '2024-03-19 04:06:12'),
(50, 2, 8, 9889, 3, '2024-03-19 07:49:21', '2024-03-12 08:43:41', '2024-03-19 04:19:21');

-- --------------------------------------------------------

--
-- Table structure for table `categories`
--

CREATE TABLE `categories` (
  `id` bigint(20) UNSIGNED NOT NULL,
  `title` varchar(255) NOT NULL,
  `description` varchar(255) DEFAULT NULL,
  `created_at` timestamp NOT NULL DEFAULT current_timestamp(),
  `updated_at` timestamp NOT NULL DEFAULT current_timestamp()
) ENGINE=InnoDB DEFAULT CHARSET=utf8mb4 COLLATE=utf8mb4_unicode_ci;

--
-- Dumping data for table `categories`
--

INSERT INTO `categories` (`id`, `title`, `description`, `created_at`, `updated_at`) VALUES
(2, 'Asa Schuster', 'Asperiores quos quos necessitatibus animi et et quo. Eveniet aut facilis non voluptatum officiis accusamus eligendi. Enim porro ea nostrum non neque. Ut earum et nulla natus voluptas.', '2024-01-02 04:18:29', '2024-01-02 04:18:29'),
(3, 'Gia Prohaska', NULL, '2024-01-02 04:18:29', '2024-01-02 04:18:29'),
(4, 'Aurelie Wehner', 'Aliquid ex maiores nobis velit. Et doloribus porro accusamus dolores deserunt qui.', '2024-01-02 04:18:29', '2024-01-02 04:18:29'),
(5, 'Mrs. Neoma Jacobs', 'Et mollitia ullam similique in beatae adipisci quia. Earum ipsam dolore autem ducimus. Voluptatibus cupiditate ratione tempora dignissimos. Et earum qui sit fugit molestias aut.', '2024-01-02 04:18:29', '2024-01-02 04:18:29'),
(6, '4', 'Rerum reiciendis neque eum. Porro eveniet aperiam sapiente consequatur non qui dolore. Temporibus ut accusantium aut aut magnam.', '2024-01-02 04:18:29', '2024-01-02 04:18:29'),
(7, 'Kelsie Cassin', 'Dolorem dolorem accusamus repellat deserunt. Fugit rerum quia quod. Aliquid sed ducimus nobis reiciendis.', '2024-01-02 04:18:29', '2024-01-02 04:18:29'),
(8, 'Ross Strosin', NULL, '2024-01-02 04:18:29', '2024-01-02 04:18:29'),
(9, 'Mr. Demario Harber', NULL, '2024-01-02 04:18:29', '2024-01-02 04:18:29'),
(10, 'Pinkie Herman', 'Voluptas omnis amet aliquam dolores. Fuga accusamus quo ipsam ducimus asperiores. Omnis error illum ratione ratione perferendis.', '2024-01-02 04:18:29', '2024-01-02 04:18:29'),
(11, 'Juwan Jacobi', NULL, '2024-01-02 04:18:29', '2024-01-02 04:18:29'),
(12, 'Myrtle Sauer', 'Minima totam quasi fugit. Nulla unde saepe neque perferendis optio debitis. Dicta voluptates eveniet ut porro quia. Iusto aut nisi cupiditate consequatur fugit nemo.', '2024-01-02 04:18:29', '2024-01-02 04:18:29'),
(13, 'Karley Volkman', NULL, '2024-01-02 04:18:29', '2024-01-02 04:18:29'),
(14, 'Sister Swift', NULL, '2024-01-02 04:18:29', '2024-01-02 04:18:29'),
(15, 'Myra Hermiston', 'Molestias voluptate at ipsum dignissimos quis. Repellat id numquam esse sed hic accusantium quam. Enim ipsum quam repellat explicabo qui odit. Magni placeat dignissimos eum eos.', '2024-01-02 04:18:29', '2024-01-02 04:18:29'),
(16, 'dsds', 'www', '2024-01-02 08:32:22', '2024-01-02 08:32:22'),
(17, ' ', '', '2024-01-02 08:35:17', '2024-01-02 08:35:17'),
(19, '', 'www', '2024-01-02 10:02:16', '2024-01-02 10:02:16'),
(23, 'Lilian Kuhic V', 'Et sit ut adipisci eveniet. Praesentium quibusdam sed porro voluptates natus id. Ducimus adipisci rerum dolor. Neque ipsam dignissimos expedita. Sint et omnis aut doloremque blanditiis libero quod.', '2024-01-03 09:44:20', '2024-01-03 09:44:20'),
(24, 'Anissa Goyette PhD', NULL, '2024-01-03 09:44:20', '2024-01-03 09:44:20'),
(25, 'Zoey Stokes', NULL, '2024-01-03 09:44:20', '2024-01-03 09:44:20'),
(26, 'Tyra Marquardt', NULL, '2024-01-03 09:44:20', '2024-01-03 09:44:20'),
(27, 'Eriberto Murray', 'Aut sint et commodi eos sit. Molestias incidunt veritatis neque maiores. Vel libero fugit deleniti quisquam.', '2024-01-03 09:44:20', '2024-01-03 09:44:20'),
(28, 'Demond Will', 'Sapiente expedita quos qui placeat blanditiis. Voluptate nulla facere nam maiores. Nulla exercitationem et vero vitae rerum adipisci quae. Sit ea rem expedita perferendis ut.', '2024-01-03 09:44:20', '2024-01-03 09:44:20'),
(29, 'Velma Luettgen', NULL, '2024-01-03 09:44:20', '2024-01-03 09:44:20'),
(30, 'filter this one', 'Voluptates excepturi aut non corporis aut distinctio esse. Iste magnam sint aut qui unde qui. Quo est ex porro officiis quis tempora numquam ad.', '2024-01-03 09:44:20', '2024-01-03 09:44:20'),
(31, 'Karina Wisozk', NULL, '2024-01-03 09:44:20', '2024-01-03 09:44:20'),
(32, 'Geraldine Jakubowski', NULL, '2024-01-03 09:44:20', '2024-01-03 09:44:20'),
(33, 'Prof. Kelly Breitenberg', NULL, '2024-01-03 09:44:20', '2024-01-03 09:44:20'),
(34, 'Prof. Leatha Kunde', 'Minima quo ex dolorum ea deserunt fugiat rerum. Voluptates qui illo esse est. Laudantium minima provident labore eum.', '2024-01-03 09:44:20', '2024-01-03 09:44:20'),
(35, 'Assunta Medhurst DVM', 'Perferendis voluptate optio quaerat atque numquam. Officia reprehenderit qui labore exercitationem dolorem ratione. Doloribus in est suscipit aut et.', '2024-01-03 09:44:20', '2024-01-03 09:44:20'),
(36, 'Destini Huels MD', NULL, '2024-01-03 09:44:20', '2024-01-03 09:44:20'),
(37, 'Madisyn Parisian', 'Ut quo expedita animi odio et. Dolor aut molestiae voluptate quia provident. Totam voluptas illum recusandae.', '2024-01-03 09:44:20', '2024-01-03 09:44:20'),
(38, 'Jaquan McGlynn', 'In recusandae non fugiat et nam. Sed tempore dolor qui dolore ad. Minus accusamus consectetur doloribus. Fuga corrupti laboriosam temporibus autem ut aperiam ut dolorem.', '2024-01-03 09:44:20', '2024-01-03 09:44:20'),
(41, 'Luciano Runolfsdottir', 'Tenetur blanditiis perferendis adipisci quod ipsum. Magnam natus et praesentium. Maiores consequatur et et. Unde ut iusto vero rerum et ad. Et dignissimos ullam et vel.', '2024-01-03 09:44:21', '2024-01-20 03:30:37'),
(43, 'Kayleigh Rogahn', 'Odit omnis quae fugiat eos. Quo repudiandae excepturi natus alias libero repellendus corrupti. Sit nam aut quo delectus dolor magni.', '2024-01-03 09:44:21', '2024-01-03 09:44:21'),
(44, 'Mrs. Gia Spinka DVM', 'cxcxcxcxc', '2024-01-03 09:44:21', '2024-01-20 05:57:42'),
(45, 'Prof. Dusty Pfannerstill', 'Dolores ducimus amet eveniet cupiditate. Aut molestiae enim velit libero. Pariatur odio ullam ex deserunt aut qui ipsam debitis.', '2024-01-03 09:44:21', '2024-01-03 09:44:21'),
(46, 'Mr. Khalid Breitenberg', 'Vel enim vel delectus qui quos sint impedit. Dolorum vel delectus consequuntur fugit.', '2024-01-03 09:44:21', '2024-01-03 09:44:21'),
(47, 'Dennis Daugherty PhD', 'Alias facere maiores qui ea sint. Corporis architecto neque et ut eum. Illum est doloribus atque ut facilis optio corporis. Nihil voluptas officia in optio quo quo. Aut dolores accusamus corrupti.', '2024-01-03 09:44:21', '2024-01-03 09:44:21');

-- --------------------------------------------------------

--
-- Table structure for table `challenges`
--

CREATE TABLE `challenges` (
  `id` bigint(20) UNSIGNED NOT NULL,
  `reward_id` bigint(20) UNSIGNED NOT NULL,
  `description` varchar(255) NOT NULL,
  `type` int(11) NOT NULL COMMENT 'the type of action that challenge require: 1=bidding  2=win an auction ',
  `time_type` int(11) NOT NULL COMMENT '1= daily 2=weekly 3=mounthly',
  `category_id` bigint(20) UNSIGNED NOT NULL,
  `number_to_win` int(11) NOT NULL COMMENT 'how many times user have to (ex:bid) in specific category to win',
  `status` int(11) NOT NULL DEFAULT 1 COMMENT ' 1=active 0=deactive',
  `created_at` timestamp NOT NULL DEFAULT current_timestamp(),
  `updated_at` timestamp NOT NULL DEFAULT current_timestamp()
) ENGINE=InnoDB DEFAULT CHARSET=utf8mb4 COLLATE=utf8mb4_unicode_ci;

--
-- Dumping data for table `challenges`
--

INSERT INTO `challenges` (`id`, `reward_id`, `description`, `type`, `time_type`, `category_id`, `number_to_win`, `status`, `created_at`, `updated_at`) VALUES
(2, 3, ' wdhw', 2, 2, 4, 74, 0, '2024-01-07 17:14:00', '2024-01-07 18:04:17'),
(3, 3, 'd;fhd', 1, 2, 24, 564, 1, '2024-01-07 17:23:56', '2024-01-07 17:23:56'),
(5, 3, 'dsds', 2, 2, 6, 1, 1, '2024-01-20 03:06:58', '2024-01-20 03:06:58'),
(6, 3, 'win by bidding in auctions', 1, 1, 35, 1, 1, '2024-01-20 03:08:05', '2024-03-11 04:12:45'),
(7, 3, '56465', 2, 1, 24, 4, 1, '2024-01-20 03:10:42', '2024-01-20 03:10:42');

-- --------------------------------------------------------

--
-- Table structure for table `cities`
--

CREATE TABLE `cities` (
  `id` bigint(20) UNSIGNED NOT NULL,
  `state_id` bigint(20) UNSIGNED NOT NULL,
  `name` varchar(255) NOT NULL,
  `created_at` timestamp NOT NULL DEFAULT current_timestamp(),
  `updated_at` timestamp NOT NULL DEFAULT current_timestamp()
) ENGINE=InnoDB DEFAULT CHARSET=utf8mb4 COLLATE=utf8mb4_unicode_ci;

--
-- Dumping data for table `cities`
--

INSERT INTO `cities` (`id`, `state_id`, `name`, `created_at`, `updated_at`) VALUES
(1, 3, 'hegmatane', '2024-01-03 02:47:14', '2024-01-03 02:50:22'),
(4, 3, 'chicago', '2024-01-04 16:44:55', '2024-01-04 16:44:55'),
(5, 2, 'chicagort', '2024-01-04 16:44:55', '2024-01-04 16:44:55'),
(6, 2, '34', '2024-01-03 02:47:14', '2024-01-03 02:50:22'),
(7, 4, 'yyh', '2024-01-03 02:47:14', '2024-01-03 02:50:22'),
(8, 3, 'ty', '2024-01-04 16:44:55', '2024-01-04 16:44:55');

-- --------------------------------------------------------

--
-- Table structure for table `comments`
--

CREATE TABLE `comments` (
  `id` bigint(20) UNSIGNED NOT NULL,
  `total_socre` int(11) NOT NULL DEFAULT 0,
  `value_for_price` int(11) NOT NULL DEFAULT 0,
  `suggest_it` int(11) NOT NULL DEFAULT 0,
  `quality` int(11) NOT NULL DEFAULT 0,
  `packaging` int(11) NOT NULL DEFAULT 0,
  `title` varchar(255) DEFAULT NULL,
  `content` text DEFAULT NULL,
  `user_id` bigint(20) UNSIGNED NOT NULL,
  `product_id` bigint(20) UNSIGNED NOT NULL,
  `created_at` timestamp NOT NULL DEFAULT current_timestamp(),
  `updated_at` timestamp NOT NULL DEFAULT current_timestamp()
) ENGINE=InnoDB DEFAULT CHARSET=utf8mb4 COLLATE=utf8mb4_unicode_ci;

--
-- Dumping data for table `comments`
--

INSERT INTO `comments` (`id`, `total_socre`, `value_for_price`, `suggest_it`, `quality`, `packaging`, `title`, `content`, `user_id`, `product_id`, `created_at`, `updated_at`) VALUES
(1, 5, 4, 5, 3, 3, 'good', 'not very well', 1, 7, '2024-03-17 09:13:36', '2024-03-17 09:13:36'),
(2, 1, 4, 5, 3, 3, 'good', 'not very well', 2, 7, '2024-03-17 09:13:36', '2024-03-17 09:13:36'),
(3, 4, 4, 5, 3, 3, 'good', 'not very well', 2, 7, '2024-03-17 09:13:36', '2024-03-17 09:13:36');

-- --------------------------------------------------------

--
-- Table structure for table `failed_jobs`
--

CREATE TABLE `failed_jobs` (
  `id` bigint(20) UNSIGNED NOT NULL,
  `uuid` varchar(255) NOT NULL,
  `connection` text NOT NULL,
  `queue` text NOT NULL,
  `payload` longtext NOT NULL,
  `exception` longtext NOT NULL,
  `failed_at` timestamp NOT NULL DEFAULT current_timestamp()
) ENGINE=InnoDB DEFAULT CHARSET=utf8mb4 COLLATE=utf8mb4_unicode_ci;

-- --------------------------------------------------------

--
-- Table structure for table `highest_bidders`
--

CREATE TABLE `highest_bidders` (
  `id` bigint(20) UNSIGNED NOT NULL,
  `user_id` bigint(20) UNSIGNED NOT NULL,
  `time_spent` int(11) NOT NULL DEFAULT 0 COMMENT 'the value is in secounds',
  `current_level_id` bigint(20) UNSIGNED NOT NULL DEFAULT 1,
  `multiplier` int(11) NOT NULL DEFAULT 1 COMMENT ' the ratio which user time might get multipy on',
  `created_at` timestamp NOT NULL DEFAULT current_timestamp(),
  `updated_at` timestamp NOT NULL DEFAULT current_timestamp()
) ENGINE=InnoDB DEFAULT CHARSET=utf8mb4 COLLATE=utf8mb4_unicode_ci;

--
-- Dumping data for table `highest_bidders`
--

INSERT INTO `highest_bidders` (`id`, `user_id`, `time_spent`, `current_level_id`, `multiplier`, `created_at`, `updated_at`) VALUES
(2, 2, 6165, 4, 6, '2024-02-18 10:51:58', '2024-03-24 16:45:22');

-- --------------------------------------------------------

--
-- Table structure for table `highest_bidder_levels`
--

CREATE TABLE `highest_bidder_levels` (
  `id` bigint(20) UNSIGNED NOT NULL,
  `name` varchar(255) DEFAULT NULL,
  `time_needed` int(11) NOT NULL COMMENT 'time needed to complete this level in hours',
  `bid_reward` int(11) NOT NULL,
  `created_at` timestamp NOT NULL DEFAULT current_timestamp(),
  `updated_at` timestamp NOT NULL DEFAULT current_timestamp()
) ENGINE=InnoDB DEFAULT CHARSET=utf8mb4 COLLATE=utf8mb4_unicode_ci;

--
-- Dumping data for table `highest_bidder_levels`
--

INSERT INTO `highest_bidder_levels` (`id`, `name`, `time_needed`, `bid_reward`, `created_at`, `updated_at`) VALUES
(1, 'base', 1, 120, '2024-02-18 15:35:07', '2024-02-18 15:35:07'),
(2, 'base 2', 74, 120, '2024-02-18 15:35:07', '2024-02-18 15:35:07'),
(3, 'base 3', 3, 120, '2024-02-18 15:35:07', '2024-02-18 15:35:07'),
(4, 'base 4', 2, 120, '2024-02-18 15:35:07', '2024-02-18 15:35:07');

-- --------------------------------------------------------

--
-- Table structure for table `migrations`
--

CREATE TABLE `migrations` (
  `id` int(10) UNSIGNED NOT NULL,
  `migration` varchar(255) NOT NULL,
  `batch` int(11) NOT NULL
) ENGINE=InnoDB DEFAULT CHARSET=utf8mb4 COLLATE=utf8mb4_unicode_ci;

--
-- Dumping data for table `migrations`
--

INSERT INTO `migrations` (`id`, `migration`, `batch`) VALUES
(406, '2014_10_12_100000_create_password_reset_tokens_table', 1),
(407, '2019_08_19_000000_create_failed_jobs_table', 1),
(408, '2019_12_14_000001_create_personal_access_tokens_table', 1),
(409, '2023_11_30_143707_create_users_table', 1),
(410, '2023_12_28_143707_create_categories_table', 1),
(411, '2023_12_29_143707_create_products_table', 1),
(412, '2023_12_29_143707_create_rewards_table', 1),
(413, '2023_12_29_143707_create_states_table', 1),
(415, '2023_12_30_143707_create_admins_table', 1),
(416, '2023_12_30_143707_create_auctions_table', 1),
(417, '2023_12_30_143707_create_bid_buddies_table', 1),
(418, '2023_12_30_143707_create_bid_packages_table', 1),
(420, '2023_12_30_143707_create_bidding_queue_table', 1),
(421, '2023_12_30_143707_create_bookmarks_table', 1),
(422, '2023_12_30_143707_create_buy_it_now_offers_table', 1),
(423, '2023_12_30_143707_create_challenges_table', 1),
(424, '2023_12_30_143707_create_cities_table', 1),
(426, '2023_12_30_143707_create_highest_bidder_levels_table', 1),
(428, '2023_12_30_143707_create_product_galleries_table', 1),
(429, '2023_12_30_143707_create_redeem_codes_table', 1),
(430, '2023_12_30_143707_create_special_offers_table', 1),
(431, '2023_12_30_143707_create_tickets_table', 1),
(432, '2023_12_30_143707_create_transaction_histories_table', 1),
(433, '2023_12_30_143707_create_user_auction_wins_table', 1),
(434, '2023_12_30_143707_create_user_challenges_table', 1),
(435, '2023_12_30_143707_create_user_ips_table', 1),
(436, '2023_12_30_143707_create_user_redeem_codes_table', 1),
(440, '2024_01_04_193925_create_tempraries_table', 2),
(441, '2023_12_30_143707_create_winners_table', 3),
(442, '2023_12_30_143707_create_highest_bidders_table', 4),
(445, '2023_12_30_143707_create_bidding_history_table', 5),
(448, '2023_12_30_143707_create_comments_table', 7),
(451, '2023_12_29_143707_create_transactions_table', 8),
(452, '2023_10_30_143707_create_user_shiped_products_table', 9);

-- --------------------------------------------------------

--
-- Table structure for table `password_reset_tokens`
--

CREATE TABLE `password_reset_tokens` (
  `email` varchar(255) NOT NULL,
  `token` varchar(255) NOT NULL,
  `created_at` timestamp NULL DEFAULT NULL
) ENGINE=InnoDB DEFAULT CHARSET=utf8mb4 COLLATE=utf8mb4_unicode_ci;

-- --------------------------------------------------------

--
-- Table structure for table `personal_access_tokens`
--

CREATE TABLE `personal_access_tokens` (
  `id` bigint(20) UNSIGNED NOT NULL,
  `tokenable_type` varchar(255) NOT NULL,
  `tokenable_id` bigint(20) UNSIGNED NOT NULL,
  `name` varchar(255) NOT NULL,
  `token` varchar(64) NOT NULL,
  `abilities` text DEFAULT NULL,
  `last_used_at` timestamp NULL DEFAULT NULL,
  `expires_at` timestamp NULL DEFAULT NULL,
  `created_at` timestamp NULL DEFAULT NULL,
  `updated_at` timestamp NULL DEFAULT NULL
) ENGINE=InnoDB DEFAULT CHARSET=utf8mb4 COLLATE=utf8mb4_unicode_ci;

-- --------------------------------------------------------

--
-- Table structure for table `products`
--

CREATE TABLE `products` (
  `id` bigint(20) UNSIGNED NOT NULL,
  `category_id` bigint(20) UNSIGNED NOT NULL,
  `title` varchar(255) NOT NULL,
  `discount` int(11) NOT NULL DEFAULT 0 COMMENT ' precentage of discount when admin promot it ',
  `sales_count` int(11) NOT NULL DEFAULT 0,
  `short_desc` text DEFAULT NULL,
  `description` text DEFAULT NULL,
  `price` int(11) DEFAULT NULL,
  `product_inventory` int(11) NOT NULL DEFAULT 1,
  `created_at` timestamp NOT NULL DEFAULT current_timestamp(),
  `updated_at` timestamp NOT NULL DEFAULT current_timestamp()
) ENGINE=InnoDB DEFAULT CHARSET=utf8mb4 COLLATE=utf8mb4_unicode_ci;

--
-- Dumping data for table `products`
--

INSERT INTO `products` (`id`, `category_id`, `title`, `discount`, `sales_count`, `short_desc`, `description`, `price`, `product_inventory`, `created_at`, `updated_at`) VALUES
(4, 6, 'Miss', 4890, 6918359, NULL, NULL, NULL, 716435356, '2024-01-03 09:44:21', '2024-01-03 09:44:21'),
(5, 27, 'Mr.', 3920166, 3, 'Maiores odit qui fuga dolorem. Quidem quis consequatur molestias neque. Similique ut ut qui labore eligendi delectus.', NULL, 4106798, 280, '2024-01-03 09:44:21', '2024-01-03 09:44:21'),
(6, 6, 'Dr.', 5, 95697, 'Quis a ut occaecati et dolorem. Impedit voluptate rerum aut adipisci. Repellendus aspernatur perspiciatis ratione itaque consectetur.', 'Quia magni repellendus possimus molestiae ipsum et optio. Non ex doloribus et rerum iste. Illum maiores at fugiat perspiciatis aliquid. Ipsa qui aut aut delectus blanditiis.', NULL, 16737, '2024-01-03 09:44:21', '2024-01-03 09:44:21'),
(7, 30, 'Iphone 15', 5, 47535, 'Brand new iphone', '{\"ops\":[{\"insert\":\"t\"},{\"attributes\":{\"strike\":true},\"insert\":\"hisis my protext e\"},{\"insert\":\"dit\"},{\"attributes\":{\"header\":2},\"insert\":null},{\"attributes\":{\"underline\":true,\"italic\":true,\"size\":\"small\",\"bold\":true},\"insert\":\"hey you\"},{\"attributes\":{\"list\":\"bullet\"},\"insert\":null},{\"attributes\":{\"color\":\"#e60000\"},\"insert\":\"hello world\"},{\"attributes\":{\"header\":1},\"insert\":null}]}', 2000, 10, '2024-01-03 09:44:21', '2024-03-17 15:20:42'),
(8, 30, 'playstation 5', 69, 456880452, 'Playstation 5 for y.......', '{\"ops\":[{\"insert\":null}]}', 4995, 4013826, '2024-01-03 09:44:21', '2024-01-27 09:47:40'),
(9, 31, 'Prof.', 743173, 7213, 'Quae est iure molestias tempore. Quo enim veritatis consequuntur fuga dolores aspernatur nemo. Sint molestias perspiciatis recusandae. Dolorum saepe occaecati aut minus consequatur.', NULL, 8, 234256, '2024-01-03 09:44:21', '2024-01-03 09:44:21'),
(10, 6, 'mabook pro', 718197, 505513, 'new maabook for you', '{\"ops\":[{\"insert\":null}]}', 10000, 8321, '2024-01-03 09:44:21', '2024-03-15 05:22:49'),
(11, 33, 'Mrs.', 78765, 66636586, NULL, 'Quo ut non rerum aut tempore. Quasi commodi dolorum quo. Earum voluptatem est rerum aperiam tempore est id.', NULL, 16029701, '2024-01-03 09:44:21', '2024-01-03 09:44:21'),
(12, 34, 'Prof.', 7, 71, NULL, 'Rerum consequuntur voluptas deserunt est eum quis exercitationem. Consequuntur aut cum et et et. Ratione exercitationem magni culpa vitae. Tenetur qui et et beatae.', 72010447, 1, '2024-01-03 09:44:21', '2024-01-03 09:44:21'),
(13, 35, 'Prof.', 303, 922, NULL, 'Rerum velit architecto occaecati quos est perferendis. Corporis eos nobis non ab. In iure vero officiis in aut.', NULL, 5919, '2024-01-03 09:44:21', '2024-01-03 09:44:21'),
(14, 36, 'Mr.', 922101556, 3704179, NULL, 'Eos a amet sit nesciunt error quo. Et et ut velit atque est velit. In ut laboriosam rerum aliquid.', 75, 320, '2024-01-03 09:44:21', '2024-01-03 09:44:21'),
(15, 37, 'Prof.', 750779226, 8025307, NULL, 'Laboriosam earum quia aspernatur consequatur ea reprehenderit. Nihil voluptate atque officiis sed. Eveniet eos aut voluptatem iste similique. Qui quaerat velit asperiores ipsum et deleniti.', 243, 26401197, '2024-01-03 09:44:21', '2024-01-03 09:44:21'),
(16, 38, 'Mr.', 27255963, 1288267, 'Est dicta est perferendis illo. Et quidem sit voluptatum vel nulla placeat quo laboriosam. Et nesciunt dolorem voluptatem nulla reprehenderit quia. Est at quam eum.', NULL, 1, 5732, '2024-01-03 09:44:21', '2024-01-03 09:44:21'),
(19, 41, 'Prof.', 99, 7202463, 'Quod nemo quo repudiandae itaque incidunt. Non amet qui quod molestiae temporibus dolore quibusdam. Deserunt voluptatum dolor ducimus dolorem.', NULL, NULL, 68, '2024-01-03 09:44:21', '2024-01-03 09:44:21'),
(21, 43, 'Prof.', 64186, 209629754, NULL, 'Dolore error debitis non officiis. Beatae consequatur aut excepturi et. Ipsam non sunt dolorem. Illo fugit inventore fuga ullam aut eos repellat.', NULL, 2, '2024-01-03 09:44:21', '2024-01-03 09:44:21'),
(22, 44, 'Mrs.', 8548530, 9839, NULL, 'Modi ut non eum molestiae a. Sed nostrum animi aperiam. Nisi molestias molestias dolorem dolorem iste soluta odio illum. Ex nihil molestiae est consectetur.', NULL, 4810658, '2024-01-03 09:44:21', '2024-01-03 09:44:21'),
(23, 45, 'Prof.', 8, 33, 'Aut repellendus veritatis sed voluptate et. Sed nesciunt qui aliquam explicabo eligendi minus voluptatem. Voluptatem nihil voluptas facilis et veritatis esse quas aliquid.', NULL, NULL, 57617, '2024-01-03 09:44:21', '2024-01-03 09:44:21'),
(24, 46, 'Prof.', 34, 42992141, NULL, 'Natus sed quae expedita accusamus qui sit velit. Atque veritatis unde aut. Temporibus ut ea ipsa inventore.', NULL, 10792, '2024-01-03 09:44:21', '2024-01-03 09:44:21'),
(25, 47, 'Prof.', 273821, 863759, NULL, 'Consequatur nihil et blanditiis incidunt accusamus. Accusamus qui deserunt iusto sunt omnis.', NULL, 8352, '2024-01-03 09:44:21', '2024-01-03 09:44:21'),
(30, 4, ' ', 10, 0, '    ', '{\"ops\":[{\"attributes\":{\"italic\":true,\"bold\":true},\"insert\":\"\\u0628\\u0627 \\u0633\\u0644\\u0627\\u0645\"},{\"attributes\":{\"header\":2},\"insert\":null},{\"attributes\":{\"color\":\"#e60000\",\"background\":\"#bbbbbb\"},\"insert\":\"\\u0627\\u06cc\\u0646 \\u0645\\u062d\\u0635\\u0648\\u0644 \\u0631\\u0648 \\u0627\\u0632 \\u062f\\u0633\\u062a \\u0646\\u062f\\u0647\"},{\"insert\":null}]}', 99999, 44, '2024-01-04 17:10:18', '2024-01-07 06:35:17'),
(31, 28, '  ()', 15, 0, '    !', '{\"ops\":[{\"insert\":\"\\u0644\\u0637\\u0641\\u0627 \\u0627\\u0632 \\u0645\\u0627\"},{\"attributes\":{\"color\":\"#e60000\",\"size\":\"large\"},\"insert\":\"\\u062e\\u0631\\u06cc\\u062f\"},{\"insert\":\"\\u06a9\\u0646\\u06cc\\u062f\"},{\"attributes\":{\"background\":\"#000000\",\"color\":\"#ffffff\"},\"insert\":\"\\u0628\\u0627 dddsdsds!\"},{\"insert\":null},{\"attributes\":{\"background\":\"#000000\",\"color\":\"#ffffff\"},\"insert\":\"\\u0644\\u0628\\u0628\\u0644\\u0628\\u0644\\u0628\"},{\"insert\":null},{\"insert\":{\"image\":\"data:image\\/jpeg;base64,\\/9j\\/4QAYRXhpZgAASUkqAAgAAAAAAAAAAAAAAP\\/sABFEdWNreQABAAQAAAA8AAD\\/4QMdaHR0cDovL25zLmFkb2JlLmNvbS94YXAvMS4wLwA8P3hwYWNrZXQgYmVnaW49Iu+7vyIgaWQ9Ilc1TTBNcENlaGlIenJlU3pOVGN6a2M5ZCI\\/PiA8eDp4bXBtZXRhIHhtbG5zOng9ImFkb2JlOm5zOm1ldGEvIiB4OnhtcHRrPSJBZG9iZSBYTVAgQ29yZSA1LjYtYzE0MiA3OS4xNjA5MjQsIDIwMTcvMDcvMTMtMDE6MDY6MzkgICAgICAgICI+IDxyZGY6UkRGIHhtbG5zOnJkZj0iaHR0cDovL3d3dy53My5vcmcvMTk5OS8wMi8yMi1yZGYtc3ludGF4LW5zIyI+IDxyZGY6RGVzY3JpcHRpb24gcmRmOmFib3V0PSIiIHhtbG5zOnhtcE1NPSJodHRwOi8vbnMuYWRvYmUuY29tL3hhcC8xLjAvbW0vIiB4bWxuczpzdFJlZj0iaHR0cDovL25zLmFkb2JlLmNvbS94YXAvMS4wL3NUeXBlL1Jlc291cmNlUmVmIyIgeG1sbnM6eG1wPSJodHRwOi8vbnMuYWRvYmUuY29tL3hhcC8xLjAvIiB4bXBNTTpEb2N1bWVudElEPSJ4bXAuZGlkOkJFODg3OTlCRjQzMDExRUFBNUQ1OUU5QkRCMTkwMTk4IiB4bXBNTTpJbnN0YW5jZUlEPSJ4bXAuaWlkOkJFODg3OTlBRjQzMDExRUFBNUQ1OUU5QkRCMTkwMTk4IiB4bXA6Q3JlYXRvclRvb2w9IkFkb2JlIFBob3Rvc2hvcCBDQyAyMDE4IFdpbmRvd3MiPiA8eG1wTU06RGVyaXZlZEZyb20gc3RSZWY6aW5zdGFuY2VJRD0iRDFFQzNFN0I2QzBBQkQ5OTk0MDM5NUFBOTVEN0U5RTciIHN0UmVmOmRvY3VtZW50SUQ9IkQxRUMzRTdCNkMwQUJEOTk5NDAzOTVBQTk1RDdFOUU3Ii8+IDwvcmRmOkRlc2NyaXB0aW9uPiA8L3JkZjpSREY+IDwveDp4bXBtZXRhPiA8P3hwYWNrZXQgZW5kPSJyIj8+\\/+4ADkFkb2JlAGTAAAAAAf\\/bAIQABgQEBAUEBgUFBgkGBQYJCwgGBggLDAoKCwoKDBAMDAwMDAwQDA4PEA8ODBMTFBQTExwbGxscHx8fHx8fHx8fHwEHBwcNDA0YEBAYGhURFRofHx8fHx8fHx8fHx8fHx8fHx8fHx8fHx8fHx8fHx8fHx8fHx8fHx8fHx8fHx8fHx8f\\/8AAEQgAlgCWAwERAAIRAQMRAf\\/EAJUAAAEEAwEAAAAAAAAAAAAAAAUABAYHAQIIAwEAAwEBAQAAAAAAAAAAAAAAAAIDBAEFEAACAQMCBAQEAgkCBAcAAAABAgMAEQQhBTFBEgZRIhMHYXGBMpEUobHBQlJigiMI0RVyklMW8OGiM0NjVBEAAgICAgMAAgICAwAAAAAAAAERAiEDMUFREgQiMmGBcaFiFAX\\/2gAMAwEAAhEDEQA\\/AL6ropmgDFACoAVAAruburt3tbajuu\\/5qYOF1enGSC8kslr+nDGt2ke3IfWhsEpKL7v\\/AMptyklbF7P2ZceNtE3Dcv7kzfFMeM9Kf1MTSOxRUK13zvX3P3kjO3je8jHUaxqJXx1t\\/JHGVFTbKJAeDvnuDEdlbdczMRtGvPKFYfVib0QHsbx99dxwyetjbrlx9B6oUaeRivwAcsLV1JnG0F8T3m74BCybxlNbW4ksb+PgfrRkMEm2\\/wB\\/+\\/MRFnfM\\/NxLbqSWJZFceBPI\\/hQrs66Itr2297tk7uc4GWqYO7jURL1CORfFQ1yCOYuaet\\/JK1I4LKJpxDF6AFyoA1NAGpoA1I1FAD+gBUAKgBUARzv3vvZOyO333jdLyu7GHb8CMgS5U9rhFvwVeLtyHxtXG4O1UnJPc\\/cvdnuFvTbvvU5aGK6Y2LDcY2LGTf0476X8W5njULWNNaThHmXw9mxRKiKMpyVQAdTnx48fnwqau2UdFVES3TcZ8vJaSVy7H+I9Vh86tWpC1pGZZhYczrTCj3CjMgZiB02Njzuuuh8a4zqGMjXJt+PI104FdinlXI6A\\/R6g6SSLqw5qy86ncrrCu67XPgvHuW3F8YxEFxGxLRMODx+Kfy8aKuQtWC\\/vYv3mXuIp2rv8gj35Fvt+QT5MtAL9Ck\\/vgagc6tVkLLsuWmEFQAqANTQBqeIoAf0AKgDFAGsssEEMmRkyLDjQI0s8z6KkaDqZj8ABQEHG\\/fvd2V7j985W4NI8eyYgOPgRcosUHRV\\/+yY+dzx1tWe1uzVWnSPHIkSOD04UVMSCyR4q2HU\\/IG3x41nblmpJVRG96yX6JJJDeWTyKeduLMByA5U+tZJbXgj8cfms2g0052rQ2Z0hMOt26eXAfLhQDPQSyCKOFTYhvJbkba0HDyUFnOljf7T4866wQW2vHiMiiTrUObdS2Oo1H1H6qlZla1JljeouKVcAywr1KB5xJF\\/KOB6f0r8QKRMrZEV3TDyNv3GLLwJDjzCQZGBkRG3TKvn6Q3JgdR41WtiFqnYXtf31F3v2ZibybLuKXxd3hGnRlxjzG3ISCzj51ZMz2UErrpwVAGpoA1PEUAP6AFQAqAKi\\/wAlO9H2bs+Ht\\/Ek6dw7icxyW+5cOMj1G\\/rby\\/jSbH0U1LMnP+2xflsaPEw7+rNqCbG1z9xH8RFZnlm2qSQSz8dFKrGA0WMvRGo4NI51J\\/ivSWwPXJHt7wCkSo\\/mlB\\/vsbauTcIp+A+6no4J3UgFYR1MOPT5mPgLXFUkmqmcPFLSAMNWYdR8Nda5awUoPcXZpHwZ87h+W1AtxIcUr2w4KV0zVsxjbYspzXAsEZZIjx8rG\\/6q7e8C69UyFNuw1ErK\\/wDaZmEUjXt6bj7JPl4\\/CpO2Syp5JRhYTohjYiOVbtCDwD\\/vrpyPEUyciNQR7uHEVUeJh0QNqRfQPxuvh4r+FOvJOy6Jx\\/jP3Z\\/tfeWV2\\/mS9EG+RBYlJ8py4btEw8C6XWq0cMjsUr\\/B0\\/aqkBUAamgDB4igB9QAqAMqCxAHEmwoA5E94t8PcPuzuju18PaCMKC3ARwDUD4s1yaz3eTXrrCQF29S2QkjG0jC7jmvSNbfO+lIkVswgkkUk\\/qE2Ia0JYaEKNB+yluNQD79AZctYgAAvLgepwOPhpU0+yjr0C9v2w5GUFZbJkTql+XQmrfgBRe8I7TXLCuDsqdEGR6d1yHmYA8emMmkvbBSmv8A2TbsztJc\\/s7uB1S7QY3Wp4nSUte3xA1qTtLbLVpFUvJFu3NpRpMxCB6sa45u2oKet5v+UEVa9pSZDXSG1\\/Ae7z7Ug2bu3MxgLYOYolgYjX05QHUm\\/McPpSVfXge9e\\/I2u0kH5fLuMlB0q40LdOgs3jpa\\/jV6sz2QD3G+aZMOewnjFurkQR5W\\/q\\/XVERZF8bLy9t3DF3CElM3bpknjddL+mwb9lOmTaO6Np3WDd9pwt1xyDDnwJkJ0m4HWtyL\\/A6VoTkyNQx1QBg0Aa8xQA+oAVAHll50O34eTuE56YcKGTJkbwWFC5\\/VQ2CUnEG3CbcM\\/IzcgkPkvJm5pFybzMXVT+IFZGzfVG5y1ikYkEdKlmIOluGp+JNqaBWx\\/smTHPlmYgtj4SLEvVp1Snzsx\\/Gp3U4K63EsfL+UzPVnNnYdTGRrdTSHiR8FGgoaOpjnYtuiJgcIWbodI\\/BpGBJPyW96hddGnXkMf7SseXtGFa8gQGS2vnZWc6fICpXX4lqv8ixfZ\\/Ajlxd621+E0Dx24cXYfqIo1qZ\\/wG20Q\\/DKlxo\\/yu5NCR0GRJMRiOI6jYMfkRTLNRXi5YnuDjJunbWx77YeoYFhm0sBIt+nq+ZVl+tcTzJ21Zq14K83GwgE0PCNBJ4m2gb9HS3zrUkY25RG+4heCPccQkvEb3HJT9yfHxFPVdEr+QLugilXHzYGBiyAevlaRfvXT53FdEZ0Z\\/jP3M+4dnZmwztefY5wYL\\/\\/AJsm7Af0yAira3gz7VmS3qoSMGgDXmKAH1ACoAi\\/ujlPi+3PcMyEBjiNHrwtIwQj8DSbH+LH1KbI5LxZxibXlTMpHU6xLIPubTrbXkBooqCWDY3kjM+a8imRz5Z26n5DpXXh4UxNBBs1sXBgx1axsZpyNLyTHq0+S2FKlLko3Cg3wNxmlVoF8qONVB0WMcbn4KPxNcu4R2illndv4k+HtE26zqVafGEW0hhwZm9Muo+RrH7Sz0VSFAZ7UhmzPdDa9vazEQvLKtuClOlfxVb0PwDcS\\/CJF7bZxw\\/cyfZ3PT+YinVSf+rE58tviormp5\\/0G9Yf9Mhnujsw2HvDLYoy400gyoeYCS6tbxAcG9UoobRPY5qrEj7c3XD3TYZdly3SODdLnb8gnyw5qcYZL\\/Z6hAZDwqPDgtMqUVRu+ZkbfLPiTKRLiSECN9AEc9JRvhe6n51ro5Ri2KLAKDcoo2nxV82LkDqiLakcQpPxH2mqIlYG4upyNtYgBz6uOP4ZE4r\\/AFDSmt5JLwWV\\/jpvX+3e5MOG72g3nHlwyCdDKo9SIf8AMhptbyJtr+J1RVzManhQBrQA+oAVAEE98clIfbTcYy3S+VLBCg5nz9TAf0rUt7\\/Et86\\/M5SzVt2yl26XmkkkC8gXYIL\\/APCBwqaLdABrNlFbD000C+CKbD6tXXwFeTcpNlTaKxUnQDiSR\\/pStpIZVdmSLZNpePKjGXjyflnkT1lAK9Ua6leo\\/DwqN5saNbVGXSe7u1O4c3BwxAdvjgQQRxkXVeIW1vAePzqD1s102ImPbXZS7Z37H3BGfUiKGKOTwQRG2v6KWGrJnbNOjXbPPdez87D7yx+5MEeWLJGSb3t\\/cH9wG3I3NL6tWlDq9bUh+CL+9+94+7vjYWDhvPl41wJkBY9DcEsBrrV8SZ1iseSp9k2juFt1OydX5VcodcYyG9JfLyDeK12zq1ItFZOOgh3V7e79gQz5e4Tplm1p3Ri4IYW678Ty1rlNsOBtmhtTJW0yPGSQSfTPmvxUka3+DDUHxrUoMLns8pMh4p4px9wIbq5kCmiUTbhyH8DLfbN5w94xmMcuHkw5cTryCyK36dRSJj2R3FJIjt6iC0coEiD+Vx1D9BrWYTQnSgDXWgB9QAqAKj\\/yMlkGx7Wi6qGnkF\\/4ioW9vgKzfQ8o2\\/GsWZzfnSBO3ol8GFjyF3Yk1zsOhjhbc8sTyKrdIs0r2uR1aKPwpL3yW1apRYOybj2nsv5KaXG\\/Mz40f9uFQAWlPmaR2Olh8ag9bsz0F6URNsT3l2bcVGLNNjxMyllhx8KTNACgli7r6a+VVuekGqV+byZr\\/VRcZC+xzdubyi7h6GLk47apn48bIVvwMsEgEkd\\/HUUttEdlabVZSiwtjy2gZMGQB4wAYHXgVqLlcjQmFO4ZpceEItyziyj50WF15yQPc5oMOJxF6Ub3ByMuXyxRBtNTxZj+6o1NNTV7FXf1UlL99bosfcMuOcbPOfjTLHAcuVcZ3csFDY8KKW0\\/e6joOPGtn\\/Xr0edb7sgTM727gx5BjZZnghyUuIsizhkP7yOAPwIpX8yK1++QRPhGZC4U9FiCwHFTqR9DqKnPrg7ak5AGTjsqkc0YA24EE6EVoqzHesBjAH5rbCraylZI1HLh+wilsoZ2rwdq9r5LZfa+y5Tkl5sDGZieJPpKD+qtNeEYrcsJ2ropjnQdHlACoAqn\\/IrH9TtXb5v+hkuXt\\/AygGob1MGr5bR7LyjmPdNNoxRa\\/qN1D5a2vSLko\\/1LX9pu3MHIwZZchBIrADpP7xYa8axbbZPU+esVk8u8fZbNyswNtbH8sW6mjP22vewtxqmve0G35q3zIZT28xNwTGhzO3QUgREm6ZOhXeNSquvSY2XRvMpNm51oX0pmO\\/8A5qXFiw8XtibKwcTEXHTb\\/wAkp9DNxwBkxlm6mbruEs3NLFa5bZ7YG16a6szIdGOuPLhwqo6ksAwAF+OthoL1juzTXyP9\\/Jkzsc3HSANPpam2ciaV+INz+1I8rMg3GFyMjEDHFgYI0SO+rTBWB\\/uHh1HgOFqrR+BbWXFlhke7j7U3Tcsl8uXGx5MqSweZlKsSNOqyjiV0JUi9O9zXRNfJpfbI5uPtLk75lRZG8ujCABYY4kEaIq6KABroKlfdZmymvVRQkOd37C2XF2lsWCEB1Gj24aVmbyUmTnvujakwd3kxrFfUUhgOHVfl+utut4PM3VUweHawIxs3q+6OzAfzK3L6VW5CnB2h2iVPaWylTdfyUPSR4dArTXhGO\\/7MLV0Q1PECg6O70AK9AFde+EBm7VmHELA5CjmepbVLai2lwzlXcXYbZGhBZm6lJ8Bra1RXJptwW97U54XasPpOrIOofEaGse9ZPU+RzWC7tsZZY0NgQ3M63pas7srAXjgRFuwAA1NxyqqM9mezoDG2vSgGpArrYtVDADSCXdo1GvRqf2VHs0pYPffZAk8DHQroymmuLqWAht0heNddCND+qmqJsQ7K3B8RyNUkjwM8xelfMLfKpWLa8kM36Y9ErW8p4ioGxLBzv7mQj89DlLxS4c\\/LWturiDzN\\/MgDt4or5h5Ot\\/hZiapZ8EKrk7B7CL\\/9kbF1\\/ccOI\\/S2latf6oxbP2YevqaYQxzoAdUAK9AEI914BP2tu1xf0cB5Vv8AxJIrD9VT2FNXJypnG5YpayPJfTipW50+VZ\\/Jt8Eu9ut2i9WWGLyrEVdFHCzCzW+ovWfYpRt+e0Wgvvt3PD46EtfThUKs23RKsfI61FySdNaqrGW1IH3ShQ3PAE\\/SmZHsiuzPG+5CaY9PqMehiLKdeANTRpsnDCvcUeLLIDAS8g4ooudOelNdKcEtHtGTXtvJ60njbRoWFh8GHP5VyjO7kEppSoLCxP8ACDa\\/xp2ydagnPzAQRfTkanZmmlIIN3DnALKAeIsR+2ppZK2eCiPcJcidBIiM0KsRK4HlHVwBPKtmvk8vaDtpxejZ7ot8nMmXHhXm2vTYfVtKo0Rk7K2vCXA2vCwQLDEgjhseN0UA\\/prXVQjBZy5HNdOGOdBwdUHRXoAjffMYk7f3qPpv6m15AHO5seVJcenKORoF69yaOQr0sSGJ0B6oiD+usvk3JcE07b7LytmxV3JrhGmbFZTxsPNH\\/wCkEUt64kfVf8oLP7dyGUAA+U1jaPVreUTvbnJsL\\/8AgV1CXDJKmFgWI6lKgD4i1UM7WStZO3O6sfecTckcNLiFoo4opn9CeFr+WaFh0qedxqDSSzS71Z7br2lv2\\/ZePnZOXPiRYbAQYUE7QIZRr1zGPVvgOFqZNwLNUyWdtYG4YUeRJuMkb5WQ4a0HV0Kqiw1bUk8TXKqCeyytwEss+XqFgRXWzlERncGkBY8qmzWoghHcDllKWsW0+VNUldkB9wMiDA7DxMQRj81ue4SSyOeJix7KoH1Faq\\/qjzL\\/ALv+EDvZnZ3333B2bDderCwCc7JVuHp446vxaQrVaZZDY4qdYMSSSdSdTWkxGDXQNedADq9B0VAAjunHkk2TNeFeqQYuQnQf3g0TaUtuBq8nGuaVx95sPPGsimxFrhlrH5PQXRe2xRJn+3mT0H1ZsSUZDm5LEaMpt4BSR9KZKaMm367Uxx29MvlHG2nzFYrnq0ZP8AtZTwA\\/VSoZ2CnqqF62PlAuaokRswHnd2Y2JkKVHqkakDUCuTDNWr5fZZcCbu5Hih9DHdzkr1qSVCkA2uDfWmnwjq+WsuWsHpte+4+U5UOBfRVJuaRCbtLoE55iU6SbeHjahqCVWgDuMwsy8Br\\/AOVLJRsgm7yJ+YHUfKt2Y+AWnQjZS3ee8z7hmxM\\/930lMWDjryWSQsb\\/AMzs1aKLBh2PLLz\\/AMcO0G2vt3O7hyhfN3eX0IT\\/AA4+MbNb4NLex\\/lrVqXZg3WzBbvGqkTBNAGvOunBzQdFQAmjjkVopNY5AUcfBhY0Acc+52yPs\\/dmVjsDGY5FQMQbXX\\/23+KnorJZQzdS01ksn2Y3hJUkgfRldoSOq1g460X6gka6Uag+hdhvN26TZ9zPp64M7FoWGnSb\\/aw\\/dPwrNvpDNny7vZQ+UTDZ8tHQebW2vxrOmaLDfu2PcMnFEWJmNiDi3QiuTb\\/iqqsN88J5IXH2htG4SAybpuMEqm0nRksqSX1ZnUC34Uysj0rrC5\\/oex9i7fhSu0Xce5FLdCquRaMC1roCt\\/rTf2idb\\/8AG39sZR7DbIRcDc8yKQEC7FJQbc7EUkortwvBZG3B1wYkyJzlSoPNOyhSdNdF0pXk8e+Hgj+9bgiM6g63uSKmuSnRXPdeVM2DLHDc5WafRhVQSbHlYeNWqpZG9oRAOyNlyt03TK3AJ6n+3sIsdT9rZUt44xz6jGPPWutcGC9jrnadrg2jaMHaMcBYdvgjxkC8P7a2Yj5tc1pShGJuXI7vXRTUmgDW+tADqunTNACoAor3+7TbJ3aPORSY86DUk6CSIjqI\\/mHG3MGobamnRborvsLOn2beIsjKYpjRqIdyYXK+he8ORp+6ObDhUU4ZotWawXt3tEmR2kd3xmvJC0MhYWKSJ1dJa4+Bp9ymskfncXgA9v74r9Nj0kWDoeKn9o8DXmtHrpkwKvkIpJHCuAMJu0Mmd\\/VwZPSyOZP2n5iuqSldzqsPB4zdl93l1ORlY0kR+4Rx+m\\/1POqOTtfpfTHmPsDYCBVA9U\\/cf2X8KnLQlrO2W5NsiV8aBiznqPLhXGzhBe4d2gx4nnnk6UBsObM38KLzNNVC2ZCtv7j2\\/eu4dog2+Uy5Mk\\/TJBjh5ZEjH3ySC3IcAtbteuMnnbtsySb2K2mPFiyhKh9XE3uZcmNzZlKR9Kl1PBqtUz7WXy17mrGcxQcMGgDW+tdAdXrh0V6AM3roArujt3E7i2WbbMkhGb+5izHX0plHlbTlrZvhS2rKGraHJQmZsMWyboYN2hfEaCUxjIjPSYjJ96km6NE33DqHS1z46Zmo5NlbNrBLj29v+L2vuEWDuMWds5haSXHUemYwpDXWIlgL\\/wAjW+FF6v1fgKXq7qcMiEcmfjlZI4rW\\/wDkDgj6g61gZ6aJjsHdR8sOQeluAY6A\\/wClLB0nW3brBcEvYNaxvwPxpkwgKtnxGNiXBtTCQAN03eJL3POpspBBu4e7EAZY\\/wC4w+2MGw\\/qb\\/ShVONlc7xNl50jTZTXLeRVGioraEKPrV6IhsZbvtZ7M7f2Rm5G4fnmz8maIJDeJYVWNtbt0lutz416KWTx7WxA67o7V3PaO5X7z7cxjmJOB\\/3HscR6ZMgILDKxgdDMi\\/cn7w+Ncsu0NSya9WS3Ze49o3rEiyMHID+oLmNgUkU8wyMAyn4U1bpi21uvISvTCGpNBw150APKDoqAFeugK9cAH7zsW2bvF0ZsSu6qUSWwLBTxU30ZfgaV1katmiGZ\\/tz\\/ALdh5zbXlvi4zY0vVjg9cIAQmyo\\/2Xtya1SeuE4L13S1KIBhYuRJip12cso1GnLwNeYz2UeseCyNqOFLIzQWxMnJisoY28OI+lDOofHc8orq5tyrh1A3cJ8iYG5PTXTjAL7dJK5LDQ0yYkDXctrIxZekeboNvmBVEybR0HtOXHm7Nt+ZEQUyMaGQEc7xgH9INeonKPCsobR7kka8CK6cGr7fgvkfmmhX8wfvcC3VbgT8fjXPVHVZxA5vTHDBNBw06heiTo9oAxQAqAFrQAqAAHfsm4J2nuAwImllljKSspUelBxlkPUQT5dAFuantn1ZXSl7KSutlXH9FPML2048LV5L5PdQ8kXDLMCwFvtOuo\\/CkHMIuLf7h+muis2ZcXWz\\/PQ1xjI8JVx+nVxb5GugahMPo8rg\\/Q\\/6V04MNxXF6D5ha2pseFOhGT72sfPPZ8EWTGRjRO\\/+2ZFxaXGdidFv1L0P1DzAXHCvS0z65PF+lL3cEsb41UgaNQBrQAjwoA89KAP\\/2Q==\"}},{\"insert\":null}]}', 1000, 55, '2024-01-06 10:25:06', '2024-01-21 02:49:27'),
(32, 5, '  ', 15, 0, ' dlkfh', '{\"ops\":[{\"attributes\":{\"background\":\"#e60000\",\"color\":\"#ffffff\"},\"insert\":\"\\u0648\\u06cc\\u0631\\u0627\\u06cc\\u0634\\u06af\\u0631 \\u0645\\u062a\\u0646 \\u067e\\u0631\\u0642\\u062f\\u0631\\u062a Quill\"},{\"attributes\":{\"header\":6},\"insert\":null},{\"insert\":{\"image\":\"data:image\\/jpeg;base64,\\/9j\\/4QAYRXhpZgAASUkqAAgAAAAAAAAAAAAAAP\\/sABFEdWNreQABAAQAAAA8AAD\\/4QMdaHR0cDovL25zLmFkb2JlLmNvbS94YXAvMS4wLwA8P3hwYWNrZXQgYmVnaW49Iu+7vyIgaWQ9Ilc1TTBNcENlaGlIenJlU3pOVGN6a2M5ZCI\\/PiA8eDp4bXBtZXRhIHhtbG5zOng9ImFkb2JlOm5zOm1ldGEvIiB4OnhtcHRrPSJBZG9iZSBYTVAgQ29yZSA1LjYtYzE0MiA3OS4xNjA5MjQsIDIwMTcvMDcvMTMtMDE6MDY6MzkgICAgICAgICI+IDxyZGY6UkRGIHhtbG5zOnJkZj0iaHR0cDovL3d3dy53My5vcmcvMTk5OS8wMi8yMi1yZGYtc3ludGF4LW5zIyI+IDxyZGY6RGVzY3JpcHRpb24gcmRmOmFib3V0PSIiIHhtbG5zOnhtcE1NPSJodHRwOi8vbnMuYWRvYmUuY29tL3hhcC8xLjAvbW0vIiB4bWxuczpzdFJlZj0iaHR0cDovL25zLmFkb2JlLmNvbS94YXAvMS4wL3NUeXBlL1Jlc291cmNlUmVmIyIgeG1sbnM6eG1wPSJodHRwOi8vbnMuYWRvYmUuY29tL3hhcC8xLjAvIiB4bXBNTTpEb2N1bWVudElEPSJ4bXAuZGlkOkMxNDQ0MTc0RjQyNTExRUE5ODBBQzY2QjJDMzk5MkVDIiB4bXBNTTpJbnN0YW5jZUlEPSJ4bXAuaWlkOkMxNDQ0MTczRjQyNTExRUE5ODBBQzY2QjJDMzk5MkVDIiB4bXA6Q3JlYXRvclRvb2w9IkFkb2JlIFBob3Rvc2hvcCBDQyAyMDE4IFdpbmRvd3MiPiA8eG1wTU06RGVyaXZlZEZyb20gc3RSZWY6aW5zdGFuY2VJRD0iRDFFQzNFN0I2QzBBQkQ5OTk0MDM5NUFBOTVEN0U5RTciIHN0UmVmOmRvY3VtZW50SUQ9IkQxRUMzRTdCNkMwQUJEOTk5NDAzOTVBQTk1RDdFOUU3Ii8+IDwvcmRmOkRlc2NyaXB0aW9uPiA8L3JkZjpSREY+IDwveDp4bXBtZXRhPiA8P3hwYWNrZXQgZW5kPSJyIj8+\\/+4ADkFkb2JlAGTAAAAAAf\\/bAIQABgQEBAUEBgUFBgkGBQYJCwgGBggLDAoKCwoKDBAMDAwMDAwQDA4PEA8ODBMTFBQTExwbGxscHx8fHx8fHx8fHwEHBwcNDA0YEBAYGhURFRofHx8fHx8fHx8fHx8fHx8fHx8fHx8fHx8fHx8fHx8fHx8fHx8fHx8fHx8fHx8fHx8f\\/8AAEQgAlgCWAwERAAIRAQMRAf\\/EAJkAAAEEAwEAAAAAAAAAAAAAAAECBAUGAAMHCAEBAAMBAQEAAAAAAAAAAAAAAAECAwQFBhAAAgEDAwIDBgQEBAMJAAAAAQIDABEEIRIFMQZBUSJhcYEyEweRQiMUobHBYlJyMxXR4ZLw8YKyQ1MkFwgRAAMAAgEEAQMDBQEAAAAAAAABAhEDITESEwRBUWEycaEi8IGRQhRS\\/9oADAMBAAIRAxEAPwC8BakoECgCBQCrUBgFAZagFFCqq7WRG+RmIUG3W1+tQ2kSpbHS8dIU3u6xgjchPysPMMDY1HeiexmnLSPGIDAh\\/AHUN7QwFqh2SoAio+gOxrblVujKfFWqFsRL1iWQq1m0PtrTJngFqAy1AAigBagMIoBJFAYRQAtQBAoA2oAgUAbUAaATOUiRjI2xV0Le0+Hs9pqtVgskNJs5cmX0ZErgMEMUi2RlFvShsu1R1sDrWTZqkKwuRlhy5IVICg2kjjJKXHpUge2qOkaTDZNRZc+9xPGHgjba6KPS396D8vgajvLeJip3wtyqqahja\\/ibX\\/pVu5Fexobh8aRkglO5yPTKNdpH5W917VaaKVJqOLJDtR5PqyMT8i6ddOp1+FXVGbk0LMTJ9N42Q3230YX8mt8vxqyoq0bbVYqC2tAZagEkUALUJBahAq2lCTAKECgKANqARPKIIWmYaLb8T0vUN4RKWXggszuHBEg2p9UC6xNOCN9xf9EL8p8jWNPJvM4H2LxufyscRcHEx9CIz85HW5rlvb9Du1ev8stPH8DhxevZqPx\\/76x7jp8aRLftscgELtUadP507gpNT4ELougBuDpUqiHIxy+ChdXjiP0iTdmGlyKurMq1plczY87i3M+QpaAKQXQ3NvL2XrWdpz3oG00bZMW\\/BmSHKjANtl0Ymx2lQRcfG9apnO0OeP5BcsSRyBY8yE7Z4FYNr\\/iXXUH+FbzWTCpwO9tWKmEWoBJFAJtQAtQCrUAQKEirUIMtQkg+48yL9LGMi2a94zexutyT8OgrO2aQhv2pxjvJ+\\/zgDO5vDDb0xL4adL\\/yrh3bfhHp+t6+Fll9x4QEB0APjrXOdpJwmw2jQ\\/mJ1FSmVpG8KW1Jv5af0oV6CXje17AHzFQ0TlGoqCT4+RoQMsqOMxssihkPzX1\\/nTuIclLzuGbDzPrYPyknbGwZtreNvf41vrs5duoTNxLNAkjukOYlpMXIAsn1L32syi4v0rqRxUiWx5vrwLIy7HOkiddrjRgCOo8q6U8nO1gWQaABFCBJFCQW1oBW2gCFoA2oDCm7Tz60BSO52UTxgjfNPN6QfyqNbfw\\/CufdWEdPrzmkWvhA30BdbHS9eW2e3KLZjLYAWsfbqLf4alMhseR+VviPKmSGOEYBemnwvV0yjRhYEaaHqPZUZIwN5fSrOPmXx9lRksvoRGTL+ptOt9evUHyrM0+CP5KO+IHVykv5GBsbj21tBz7CCzZWRI2ylZdwNpkJKuD+Y\\/4XWuyTz6Rv4eSf6jxzuGeVFmTW5Pg3\\/Py6V0a2c2xEpatCgkigE2oQC1CRe2hAoLQGAChJpzpjjYOTkAXMMTOPgOunl1owjlCclJJn4EkxLu+9yPHw23961xb+h3er+R1Pt27Y28\\/KANrH\\/hXn4PWTLTjBZAGcW2+H9anqRjA5JW\\/pFz08qDBthB23NrePiaukVoVcFdPHQ2pgqaZSb26AixFUCK\\/ms12PiNNOvwqjZqjTmsr4gUqWsQwt4+BBrp1HJuKxnKxwwi\\/qxNvjkCddrLdT8NQbeVdM9Djt8mnjeQMeRhSyMuy6JOelncCNyPIN6WNvGttb5MLRbWWxN+orcxEEUALUALa0BtC0BltaAO2gFIilwrruRtGU9CDoR8RQHFuH4p8zuXJxWYCHjJ8gSyjQWDnb\\/wAK497wjt9ZZovk\\/dnEcVj7lmV1QbZF1Av7dP5VyLU3yej50nhEl2733gZ81o3BjYj6eupv+W1Z1Lk2m1RcI8226Yf6YGgPW1SmS54wV3uH7j8ZwkayZDRoGPpXIkWIkDyvqR8KtPPQzuu3qMOH+9Xa+ZMVaZUt+eMSSKAfPap191a+KvoYPfP1J0\\/czsZgRLy0OMeu6cPEh8\\/VIqAVV6afRFVvj6mt+S4jPT6vGZuNmI\\/pVoJkk9RFwo2nqbdOtY7NdLqjfXsmnwzU08sUBIt9VVKmL3\\/9ta20GHsrkrT5DKqPEqqj3Vo9Nu1hY29tvDxt510JnHSIxpIZVeD\\/AE2gmgVVI+Y7ggBHtFaSZ0dAces389a6TmEkUJE7aAFqA22oDLUAQpJtQHMpvut3BynfuR2X2rx2Lj5eHM8WRy\\/KOzxqYW2u0cEe3df8ikkk1GSUiv8AcXBSdu89Dj5ncea78usmdyMuHHDhoGD+oIirIdvvauffwdXr8\\/JX37p4fO5WDi+Al5hnzJGiTkOU5SODGZwDc+qFgL+F6zmG+vajatkzxmmNe8Mfu\\/sHkcfODl5knEeTiTfTezkbkKvDs+pHIvytai1zWZfDHmqUqXKLVzn3O+8LHh+G5HiB2inNTxQ4\\/JxRsZTE5G8K0rSBXs3jY1WdOvDf5YLXv25Sf8U2Tub9usfDSTP4zBMzrcNnZxOXlSSf42MhJZz5Cyj3VzeWjsWmc8fuQGJL94eG7g\\/b8ZJkZEEqo2Owx4pMdGJG8Sn0FQFOhTx9lbzENfc5dl7JrCXBeIfurzv75eH7w4n9nkMfp42SyfVxMm3WwcNYkflbrWVzj7m0znqsHKsr7bZXOd9dx8b2y+NxHF8bMnIiWR5Y1jbJjUxwxIny2YMVIHpHwrr86nWs85OH\\/nzseOMDTJ75+7nYfILxvLZQzoWW0Qy9uTDLGD1iyFs\\/8biohRXKGytk8UdH7N+4vb\\/dNsSWNsHlZrlsJnurk67oH0B93WpcNFe9UvuSRx\\/rc1jBF3OmVDuuSNwGg0PQjqbVaepnXQv7C7H210mAkigARQAtQG\\/bQGbKAwJQHFvur9uct+5MvL7dx3\\/ddxYbZZhhJDvyPGzJkSiM3BVpYCZPT+ZTaqstLI\\/G4P7gd4ZeEvcWMMTkcTFOHkS5AZJ2ibVJXjXrIytrbr1rl9i8cM7PVjPKL5xH267dwxjRjj4nkw7CKU3+ZejkH81cXlbZ6D0TjoQ\\/3BEnLd79o8BmIJZP3Y5LII+cY2MD9MMP8DyGwroVfxbMuxO5n46nRvuF2i\\/c\\/a0vGR2XkomXL4vIb8mZCd8R9gY+lvYaziu1pnRthXLRq7Y5rhe6uDTblpg8pH+jyfGvIkc0OQmkiNGxDD1DypWvD46GMbc\\/qSGPxq8Y28cokA8d7xMt\\/wDxEVRJo3dp9UQvd\\/Ndhz8fJj8xzGHlMeuPjuJ59w6FIMf6jlvKreO3yY+SF8lL7K7B5vIxc3lM2PI46Xl8gzR40xKzx40aiLGWbU2fYu4g9L020spL4I1zw2+tMiO6Ptry0jLD9ZcvCZrtFOL7XH5hVtewnZryhtg\\/a7BOQuVy+SMDjsFRJlS48Y36AkLD\\/dtXRvCtr24OfXp7vgtOP3Jyhmgy8btcY\\/HqytDk5MrPmsielJHPTdt61z+W08pnfPqarXa1\\/c6PE6yxJKvyyKGF+uterLysnz1w5py+qCVqSoCtADbQDnbQGbKAOygIDvzjJM3tPkHxnkh5PjozyPE5ULbJYcvGUsjqwv1XcrDoQbVFdC0dUcy4DuDvnMm\\/frzkWTm5SKzqvFpJJoB12Sxovvrzdtqnlr9z1\\/W1Ulw\\/2LPK33XysZz\\/AL0+ChU3kXFwsYD2hj+5k\\/Csu9L4Ol6X\\/wCv8Ibdidqti9yfvM3Il5Hk50MmTn5bmXImIIC3Y\\/Ki9EUVaqbRXXrU1k7HlxqYEkBsr+m\\/jcVNLgmHzgoHef2w4HneTTm8jDgfkYxZ53jRvqqugEoI9dul+tUy10Zooh\\/kkzVw3ZPbbkrDxXCR5URsyyYCFx7dSRUrZT4yRWmF\\/rwWiDh8\\/jUDYn7HFj8RiYyQEj3oBUUn8siFHRId\\/uYxGtztcfMOv41RkOcFW5XIByJCCLqTYUXUnPBDx8guBLiZWTgzZ\\/G\\/ubZMcIuYhfWRgfyLpcVaq5yNcZWFwXLNigzMyKWNAkMkbsqjpZVvRPLOiFicCsBAuFAACo26KeoBNxXraliF+h857dJ7aa+puK1c5xJWgBbWgHQWgDtoA7aAw44lV4W+WZGjb3OpU\\/zoDjn29ngxsYY8J0hZ4mI63jYrr77V5G5cnv8Ar0u0sXc2ZO\\/E5EyyGOGFTe3Vm8FArOeWdFVwce7Z+7fcfa\\/cSzc4jZXHNeLeo9cak3B9tq63pyuOp563uXz0Onx\\/djke7o14ntAoOQdzvyn9aQR\\/+7t0BPkt6y8b6UdC2rquTdw32453Ez1zM3urks3LlN8ou++MgnVUi+Vff4UuV9EjTXWF1z+pcuT4FshIszimEHK4i7YrkhJkH\\/pOf5N4GsnJdbcPnobeH5s8hiMx3CeM7J4X9LRupsysPCxoqLUsP7CcmWX1t0Jv7NPDWiK0VmaQytI5N7t8bVKRlksvZZg\\/asH27frOZC3QpYArY\\/Nc9anjISbyOMhcSJ4MDGezt9U7QbmONxYX8vHStNMJtJGm\\/c4h3\\/WR3YDQCyjQDyAr1D5owigARQCba0A820Bm2gDtoDZAAJ479Nwv+NSQee+z4sjF7s5PBmFlgly5Qb9RFMw6V5e89j164LL3VzcEPFwo5VVlBAv0N\\/61nEm12UduO7V5GdRm5MRDDWJSPj1rbvaM1qVPlnS+1cHsnt7CSXj98cXUgKPm+GtUexm8+t\\/gskHd\\/bMzkDNQMfmuR1HuqO4l+u\\/gl4c2BlVomBjYaFTcHz1FMplMOeGNpsGMcquZDo2SmzIA\\/Myj0v77aE1nS5NJfGBvm32uo1Vb3v4Gql0VdX\\/QZjp62uPPWrGc9CU7Q7s4aPi5IVzYIpMYytmCRgHV919uvjarNcmsRmcktwMi52KnJr\\/pzhhjaWuhbWQ+17aeyu\\/19Xass8j3\\/Y7n2T+K\\/clLV0HAZagAQKAFhQD3bQB20AdtAELbWgOMc0YeG+6s+NOAkebPI8bdP0s+MSJ+EiMK8\\/2Y5Z6Xq3lIe\\/cPtHi8\\/iY1zWkhjQhgkblVcj3dL1zRbTOuoTRXuzZu2eHT6EPFRi7BQ5jWVncsF1eTd1v1rdqn8kRumFjB07G5niseN2zuNhiZTZ9saEBTfbpawqO3Bp5s9GGGDtjnkZP9sgdRcNeJEN\\/eArVR0zSbYiLsbiePY5HCzScVITuMaSu+M48Q0MhZRfzW1UdEt5J7H9OIr5DfrIDf2m3UfCoTz1MWsPgr\\/L8pjQ40jlvOx8TpfWmC+ShZ\\/O\\/T44Kv+rLdYx4ncf8AnWszyYusIqXK9oyZPcOEuMGf\\/dTGjKNP1Do\\/4AXrfU8s5fYWEejoMSLFx4sWEWix0WKMexAF\\/pXcjzWL20ACtAJ20ANutASOygM2UAQlAZtoDl3377UyszgMfunjFP8AuXAerJCjV8MtuLaeML+r\\/KTWe2co11VhjPge4sHujtVI5mBeRAkt7XRwLda8mpcvB7WulSK1xHFZGPzJiOQInx3BNxfS51HvBrZW0is6FTwzpcHHRS4qyZEn1mG3YCNDtuAWHiQD+OtT3s0\\/54TwiYwOOxcJWaK\\/1HF5Hb5zWJc3maJfW+5rDS9tPdVGy2CC5nkZFQiLp+W5sRUIxrg593FycjRbGPp62vr7j763hGV1wV7jMfM5DJGVMpEKHbjxdNfP4VanjgjXLbydN7A4Qz8vNyeR6v8AboxFjLbQSyi7N8Fro9Wc5Zy+9WMI6Dauw88BFAJIoAWoBNtaAlNlAHZQB2UBmygMSFZGETKHjl\\/TeNhdWV\\/SysPEEGxoDyRg83hdu93cvgYDFeHhzp4IY2O4oiSFVBPiANPdXFt19x6Gjb2vktuTz+MeTmnkZY4plUCd\\/lBTVSLedYTPB2eTnJaeM5+OSBMiTI+qFFvoqW1t43HnUNGvl4Lfx2fHNjBzJcMNL6i386zaLu8jHmOfjjTYzAaCwGt6z7cjvwUrlO4QXOxTJKx0APT2VpMmNWQ6RZGbkE5Hyj1MvS1ugFaZwZ4yy28Vx8EOEuRtBNzs9hPhasaZ1QsF07Dx7cC2QfmysmV7+aqQi\\/8AlNen6qxB43uvOxlgK2roOQTtoAFaATtoAbdaAldlCQ7KEB2UBm2hIQ6Q7p20SFWlc\\/2xgsf4CgPA3LzyNyOTnRk7ciaWVifKSQsL\\/jrXNk6mh3g89lLF9P0zQkWMMuot5X61SkXmiU4fvLkeNtGgP0VP6abjdbdNarSyXm2iw4\\/3T5cAqkPqPiCTr51m9aNZ2s2w9xcpyMm7Kl9pU6aHzqvakW72yw4jwLHu3+srcydfxrNs0SHMAlmyUxYVKtJ8x1uB4k\\/CpJ+S35zph8WxX0hF\\/SHsA6n2msjp6HQe38A4PAcbiMLPFjx7\\/wDM43t\\/Fq9rXOJSPndtd1t\\/cfMlWMxBSgElaATtoAbaAmNtCQhKAzbQHPfup91D2Y+Nx3G4kefzeVH9d0nZlhggvtVnC+pmcg7R5a1SrwTg41L\\/APp\\/vvkcmbif2HHY8eUk2NLsik+pGGQq7Ixf5rdLiq1TwXictHPs\\/jhGvoG6JlGnUjTxrmVHY5KzkRSYkxGv076EeFadTLA6xuSj6SC4\\/wAQqjkuqJHHzsQEMr6+RqjTLpo6N2TxfCdyD6JP0cqMeoKTcg+KmsrbR0RKZfP\\/AK\\/PHx2inLoBe9vH2nxrJtmySHHD8KkMjTSMDM+n9wX2e0+NGyYnkfctifu83j8AaNlZMMTDqAhYbv4Cp1TmkhuvENnU5FBckCy30Hs8K9o+eEFagCSlAJKUAgpQCNmtATO2hIQtAYqFmAAuSbAe2gPKX3b5mHlfuXzmRA2+HGkTCicagrjIIyf+rdWFvLJKbj4GCOUbOKf\\/ACJUWIsLBdTq3+YrpWdt4NtNJPknBxTFDuGg9IPnaufJ6PaMZ+zzksSqXDC+w+B\\/tq6so9RHv9vwHsAUJ\\/K4K\\/GreQr4ST4r7ZHIaxVjbrt9Qqr2BaS69q9hRcbnLJDnNg5CdSVO0j2qelY1WTaIwX\\/KymixhFLlDIkWxDKLL8ayOhDjjgWBKgyt06ajzYjwv4VBZEN3B3Jj8BncdyMsJykwslMjIhQ7XkCabVJ003XFbaOKOf23\\/BnV+I5XjOa4vH5Xi5xk4GUu6KUaEEaMjr+V1OjKelesnk8QdFKECSlCRJWhAkpQCdmtASulCQ6UBCd45fc2NwMw7XwTnczODFAweNBACpLTfqMm9h0RVv6qis44JPHLhjPNcsH3H6m6+7dc33X\\/ADXve\\/jWACA20XOnt\\/rUAtnANO2P9PNUpGAGgmNjf+1gLtfyNq5dmM8Hqes6xikWXj1wN43uNbb9Dp7qy5Ovgn2XgxhE5TRtEB6g4Oo9nj\\/005I4G2Ni8IzA8dmvGpbRSkjWNtLHaG\\/hUMCMjF59csPx+ZHIRpJHIjgH2+pbfxqUVZrSHlGyAeSnVG09MKkn2dBt91VZoi4cdtXAk\\/aAsdPq2uDf+6+t\\/fUfBY5f9yTmGHOMwIkEcYx1NtV+oNxFrj33rbT1Rye3+LLP\\/wDn6fuOPOy0gxnm7cnITkJCyhIMoLujkQMRuJA2yBATa1d+vOTyWdxO2tiok7aASdvnQCDt86ECfT50JP\\/Z\"}},{\"insert\":null},{\"attributes\":{\"bold\":true},\"insert\":\"\\u0633\\u0644\\u0627\\u0645 \\u0628\\u0631 \\u062a\\u0648\"},{\"attributes\":{\"header\":2},\"insert\":null},{\"insert\":null}]}', 545, 1, '2024-01-07 06:03:22', '2024-01-20 02:26:34'),
(34, 24, 'sfjg', 0, 0, 's65d4sd', '{\"ops\":[{\"insert\":\"\\u0648\\u06cc\\u0631\\u0627\\u06cc\\u0634\\u06af\\u0631 cxcxx\\u0645\\u062a\\u0646 \\u067e\\u0631\\u0642\\u062f\\u0631\\u062a Quill\"},{\"attributes\":{\"header\":6},\"insert\":null},{\"insert\":null}]}', 54554, 1, '2024-01-20 05:59:51', '2024-01-20 05:59:51');

-- --------------------------------------------------------

--
-- Table structure for table `product_galleries`
--

CREATE TABLE `product_galleries` (
  `id` bigint(20) UNSIGNED NOT NULL,
  `product_id` bigint(20) UNSIGNED NOT NULL,
  `image` text DEFAULT NULL,
  `type` int(11) NOT NULL DEFAULT 2 COMMENT '1= primary 2= secondary'
) ENGINE=InnoDB DEFAULT CHARSET=utf8mb4 COLLATE=utf8mb4_unicode_ci;

--
-- Dumping data for table `product_galleries`
--

INSERT INTO `product_galleries` (`id`, `product_id`, `image`, `type`) VALUES
(11, 7, 'images/product_images/xPO8Sgt4Dg.png', 2),
(13, 8, 'images/product_images/FEP3YvP04k.webp', 2),
(15, 10, 'images/product_images/xPO8Sgt4Dg.png', 2),
(16, 7, 'images/product_images/FEP3YvP04k.webp', 2);

-- --------------------------------------------------------

--
-- Table structure for table `redeem_codes`
--

CREATE TABLE `redeem_codes` (
  `id` bigint(20) UNSIGNED NOT NULL,
  `description` text DEFAULT NULL,
  `code` varchar(255) NOT NULL,
  `value` int(11) NOT NULL COMMENT 'bid amount of code when redeemed',
  `use_limit_count` int(11) NOT NULL DEFAULT 1,
  `used_count` int(11) NOT NULL DEFAULT 0,
  `status` int(11) NOT NULL DEFAULT 1 COMMENT '1= active code | 2 = used code 3= disabled code',
  `created_at` timestamp NOT NULL DEFAULT current_timestamp()
) ENGINE=InnoDB DEFAULT CHARSET=utf8mb4 COLLATE=utf8mb4_unicode_ci;

--
-- Dumping data for table `redeem_codes`
--

INSERT INTO `redeem_codes` (`id`, `description`, `code`, `value`, `use_limit_count`, `used_count`, `status`, `created_at`) VALUES
(1, ' ', 'dsd4582', 5000, 9, 0, 1, '2024-01-21 07:21:38');

-- --------------------------------------------------------

--
-- Table structure for table `rewards`
--

CREATE TABLE `rewards` (
  `id` bigint(20) UNSIGNED NOT NULL,
  `name` varchar(255) NOT NULL,
  `type` int(11) NOT NULL COMMENT ' 1=free bids 2= Hours of Time As Highest Bidder ',
  `amount` int(11) NOT NULL,
  `created_at` timestamp NOT NULL DEFAULT current_timestamp(),
  `updated_at` timestamp NOT NULL DEFAULT current_timestamp()
) ENGINE=InnoDB DEFAULT CHARSET=utf8mb4 COLLATE=utf8mb4_unicode_ci;

--
-- Dumping data for table `rewards`
--

INSERT INTO `rewards` (`id`, `name`, `type`, `amount`, `created_at`, `updated_at`) VALUES
(3, 'sldg', 1, 12, '2024-01-07 17:03:10', '2024-01-07 17:03:10');

-- --------------------------------------------------------

--
-- Table structure for table `special_offers`
--

CREATE TABLE `special_offers` (
  `id` bigint(20) UNSIGNED NOT NULL,
  `description` varchar(255) DEFAULT NULL,
  `type` int(11) NOT NULL COMMENT '1 bid discount offer 2 product price discount offer',
  `type_desc` varchar(255) DEFAULT NULL,
  `discount_amount` int(11) NOT NULL DEFAULT 0 COMMENT 'in percentage',
  `item_id` int(11) NOT NULL COMMENT ' can be a bid package or a product',
  `expiration_date` timestamp NOT NULL DEFAULT current_timestamp() ON UPDATE current_timestamp(),
  `status` int(11) NOT NULL DEFAULT 1 COMMENT '1= active 0=deative',
  `created_at` timestamp NOT NULL DEFAULT current_timestamp(),
  `updated_at` timestamp NOT NULL DEFAULT current_timestamp(),
  `banner` text DEFAULT NULL
) ENGINE=InnoDB DEFAULT CHARSET=utf8mb4 COLLATE=utf8mb4_unicode_ci;

--
-- Dumping data for table `special_offers`
--

INSERT INTO `special_offers` (`id`, `description`, `type`, `type_desc`, `discount_amount`, `item_id`, `expiration_date`, `status`, `created_at`, `updated_at`, `banner`) VALUES
(1, '848848ff8f48', 1, '  500 ', 20, 5, '2024-01-20 15:36:44', 1, '2024-01-20 08:45:09', '2024-01-20 12:06:44', 'images/special_offers_banner/rWV0kUulFP.jpg'),
(2, '', 2, ' X', 10, 7, '2024-01-20 10:19:39', 0, '2024-01-20 08:45:23', '2024-01-20 06:44:28', NULL),
(3, '       10%   ', 2, NULL, 10, 30, '2024-01-29 20:30:00', 1, '2024-01-20 11:58:02', '2024-01-20 11:58:02', 'images/special_offers_banner/vbq34U8M6A.jpg'),
(4, '6565656', 2, 'Miss', 5, 8, '2024-01-23 20:30:00', 1, '2024-01-20 12:00:59', '2024-01-20 12:00:59', NULL),
(5, 'ssdsd', 1, '6546', 10, 5, '2024-01-23 20:30:00', 1, '2024-01-20 12:03:32', '2024-01-20 12:03:32', 'images/special_offers_banner/RJrnJfi2vw.jpg'),
(6, ' ', 2, '  ()', 15, 31, '2024-01-30 20:30:00', 1, '2024-01-21 02:33:30', '2024-01-21 02:33:30', 'images/special_offers_banner/x6NYrBTyza.png'),
(7, ' ', 2, '  ()', 15, 31, '2024-01-30 20:30:00', 1, '2024-01-21 02:47:09', '2024-01-21 02:47:09', 'images/special_offers_banner/JW3uGGnvG1.png'),
(8, ' ', 2, '  ()', 15, 31, '2024-01-30 20:30:00', 1, '2024-01-21 02:48:09', '2024-01-21 02:48:09', 'images/special_offers_banner/M2xBmWeKFj.png'),
(9, ' ', 2, '  ()', 15, 31, '2024-01-30 20:30:00', 1, '2024-01-21 02:49:26', '2024-01-21 02:49:26', 'images/special_offers_banner/7QD2Bnxh1U.png'),
(11, 'dsdsds', 1, '50000', 10, 2, '2024-03-18 20:30:00', 1, '2024-03-12 12:32:37', '2024-03-12 12:32:37', 'images/special_offers_banner/AMRhhHCnck.jpg'),
(12, 'sp offer', 1, '6546', 10, 5, '2024-03-20 16:42:13', 1, '2024-03-12 12:39:08', '2024-03-12 12:39:08', 'images/special_offers_banner/eaAMzybTr9.jpg');

-- --------------------------------------------------------

--
-- Table structure for table `states`
--

CREATE TABLE `states` (
  `id` bigint(20) UNSIGNED NOT NULL,
  `name` varchar(255) NOT NULL,
  `created_at` timestamp NOT NULL DEFAULT current_timestamp(),
  `updated_at` timestamp NOT NULL DEFAULT current_timestamp()
) ENGINE=InnoDB DEFAULT CHARSET=utf8mb4 COLLATE=utf8mb4_unicode_ci;

--
-- Dumping data for table `states`
--

INSERT INTO `states` (`id`, `name`, `created_at`, `updated_at`) VALUES
(2, 'texsas', '2024-01-03 01:49:29', '2024-01-03 01:49:29'),
(3, 'ee', '2024-01-03 01:49:43', '2024-01-03 01:49:43'),
(4, 'shiraz', '2024-01-03 01:50:18', '2024-01-03 01:50:34');

-- --------------------------------------------------------

--
-- Table structure for table `tempraries`
--

CREATE TABLE `tempraries` (
  `id` bigint(20) UNSIGNED NOT NULL,
  `val` varchar(255) DEFAULT NULL,
  `type` int(11) DEFAULT NULL COMMENT 'can be image=>2 or text=>1  or=>old_item_discount_amount\r\n',
  `key` int(11) DEFAULT NULL COMMENT 'for multi item ',
  `created_at` timestamp NULL DEFAULT NULL,
  `updated_at` timestamp NULL DEFAULT NULL
) ENGINE=InnoDB DEFAULT CHARSET=utf8mb4 COLLATE=utf8mb4_unicode_ci;

--
-- Dumping data for table `tempraries`
--

INSERT INTO `tempraries` (`id`, `val`, `type`, `key`, `created_at`, `updated_at`) VALUES
(1, '{\"ops\":[{\"insert\":\"\\u0648\\u06cc\\u0631\\u0627\\u06cc\\u0634\\u06af\\u0631 \\u0645\\u062a\\u0646 \\u067e\\u0631\\u0642\\u062f\\u0631\\u062a Quill\"},{\"attributes\":{\"header\":6},\"insert\":null},{\"insert\":null}]}', NULL, NULL, '2024-01-07 05:25:49', '2024-01-07 05:25:49'),
(2, '{\"ops\":[{\"insert\":\"\\u0648\\u06cc\\u0631\\u0627\\u06cc\\u0634\\u06af\\u0631 \\u0645\\u062a\\u0646 \\u067e\\u0631\\u0642\\u062f\\u0631\\u062a Quill\"},{\"attributes\":{\"header\":6},\"insert\":null},{\"insert\":null}]}', NULL, NULL, '2024-01-07 05:27:01', '2024-01-07 05:27:01'),
(3, '{\"ops\":[{\"insert\":\"\\u0648\\u06cc\\u0631\\u0627\\u06cc\\u0634\\u06af\\u0631 \\u0645\\u062a\\u0646 \\u067e\\u0631\\u0642\\u062f\\u0631\\u062a Quill\"},{\"attributes\":{\"header\":6},\"insert\":null},{\"insert\":null}]}', NULL, NULL, '2024-01-07 05:27:53', '2024-01-07 05:27:53'),
(4, '{\"ops\":[{\"insert\":\"\\u0648\\u06cc\\u0631\\u0627\\u06cc\\u0634\\u06af\\u0631 \\u0645\\u062a\\u0646 \\u067e\\u0631\\u0642\\u062f\\u0631\\u062a Quill\"},{\"attributes\":{\"header\":6},\"insert\":null},{\"insert\":null}]}', NULL, NULL, '2024-01-07 05:28:54', '2024-01-07 05:28:54'),
(5, '{\"ops\":[{\"insert\":\"\\u0648\\u06cc\\u0631\\u0627\\u06cc\\u0634\\u06af\\u0631 \\u0645\\u062a\\u0646 \\u067e\\u0631\\u0642\\u062f\\u0631\\u062a Quill\"},{\"attributes\":{\"header\":6},\"insert\":null},{\"insert\":null}]}', NULL, NULL, '2024-01-07 05:29:19', '2024-01-07 05:29:19'),
(6, '{\"ops\":[{\"insert\":\"\\u0648\\u06cc\\u0631\\u0627\\u06cc\\u0634\\u06af\\u0631 \\u0645\\u062a\\u0646 \\u067e\\u0631\\u0642\\u062f\\u0631\\u062a Quill\"},{\"attributes\":{\"header\":6},\"insert\":null},{\"insert\":null}]}', NULL, NULL, '2024-01-07 05:30:10', '2024-01-07 05:30:10'),
(7, NULL, NULL, NULL, '2024-01-07 05:30:52', '2024-01-07 05:30:52'),
(8, NULL, NULL, NULL, '2024-01-07 05:31:07', '2024-01-07 05:31:07'),
(9, NULL, NULL, NULL, '2024-01-07 05:33:55', '2024-01-07 05:33:55'),
(10, '{\"ops\":[{\"insert\":\"\\u0648\\u06cc\\u0631\\u0627\\u06cc\\u0634\\u06af\\u0631 \\u0645\\u062a\\u0646 \\u067e\\u0631\\u0642\\u062f\\u0631\\u062a Quill\"},{\"attributes\":{\"header\":6},\"insert\":null},{\"insert\":null}]}', NULL, NULL, '2024-01-07 05:42:57', '2024-01-07 05:42:57'),
(11, '{\"ops\":[{\"insert\":\"\\u0648\\u06cc\\u0631\\u0627\\u06cc\\u0634\\u06af\\u0631 \\u0645\\u062a\\u0646 \\u067e\\u0631\\u0642\\u062f\\u0631\\u062a Quill\"},{\"attributes\":{\"header\":6},\"insert\":null},{\"insert\":null}]}', NULL, NULL, '2024-01-07 05:44:27', '2024-01-07 05:44:27'),
(12, '{\"ops\":[{\"insert\":\"\\u0648\\u06cc\\u0631\\u0627\\u06cc\\u0634\\u06af\\u0631 \\u0645\\u062a\\u0646 \\u067e\\u0631\\u0642\\u062f\\u0631\\u062a Quill\"},{\"attributes\":{\"header\":6},\"insert\":null},{\"insert\":null}]}', NULL, NULL, '2024-01-07 05:45:20', '2024-01-07 05:45:20'),
(13, '{\"ops\":[{\"insert\":\"\\u0648\\u06cc\\u0631\\u0627\\u06cc\\u0634\\u06af\\u0631 \\u0645\\u062a\\u0646 \\u067e\\u0631\\u0642\\u062f\\u0631\\u062a Quill\"},{\"attributes\":{\"header\":6},\"insert\":null},{\"insert\":null}]}', NULL, NULL, '2024-01-07 05:48:22', '2024-01-07 05:48:22'),
(14, '{\"ops\":[{\"attributes\":{\"background\":\"#e60000\",\"color\":\"#ffffff\"},\"insert\":\"\\u0648\\u06cc\\u0631\\u0627\\u06cc\\u0634\\u06af\\u0631 \\u0645\\u062a\\u0646 \\u067e\\u0631\\u0642\\u062f\\u0631\\u062a Quill\"},{\"attributes\":{\"header\":6},\"insert\":null},{\"insert\":null}]}', NULL, NULL, '2024-01-07 05:49:26', '2024-01-07 05:49:26'),
(15, '{\"ops\":[{\"attributes\":{\"background\":\"#e60000\",\"color\":\"#ffffff\"},\"insert\":\"\\u0648\\u06cc\\u0631\\u0627\\u06cc\\u0634\\u06af\\u0631 \\u0645\\u062a\\u0646 \\u067e\\u0631\\u0642\\u062f\\u0631\\u062a Quill\"},{\"attributes\":{\"header\":6},\"insert\":null},{\"insert\":null}]}', NULL, NULL, '2024-01-07 05:55:42', '2024-01-07 05:55:42'),
(16, '{\"ops\":[{\"insert\":\"\\u0648\\u06cc\\u0631\\u0627\\u06cc\\u0634\\u06af\\u0631 \\u0645\\u062a\\u0646 \\u067e\\u0631\\u0642\\u062f\\u0631\\u062a Quill\"},{\"attributes\":{\"header\":6},\"insert\":null},{\"insert\":null}]}', NULL, NULL, '2024-01-07 06:04:23', '2024-01-07 06:04:23'),
(17, '{\"ops\":[{\"insert\":\"\\u0648\\u06cc\\u0631\\u0627\\u06cc\\u0634\\u06af\\u0631 cxcxx\\u0645\\u062a\\u0646 \\u067e\\u0631\\u0642\\u062f\\u0631\\u062a Quill\"},{\"attributes\":{\"header\":6},\"insert\":null},{\"insert\":null}]}', NULL, NULL, '2024-01-20 05:59:50', '2024-01-20 05:59:50');

-- --------------------------------------------------------

--
-- Table structure for table `tickets`
--

CREATE TABLE `tickets` (
  `id` bigint(20) UNSIGNED NOT NULL,
  `user_id` bigint(20) UNSIGNED NOT NULL,
  `admin_id` bigint(20) UNSIGNED NOT NULL,
  `subject` varchar(255) NOT NULL,
  `content` text DEFAULT NULL,
  `attachment` varchar(255) DEFAULT NULL,
  `status` int(11) NOT NULL DEFAULT 1 COMMENT '1=pending 100=answered\r\n 0=closed',
  `reply_to_id` int(11) NOT NULL DEFAULT 0 COMMENT 'save main ticket id\r\n',
  `created_at` timestamp NOT NULL DEFAULT current_timestamp(),
  `updated_at` timestamp NOT NULL DEFAULT current_timestamp()
) ENGINE=InnoDB DEFAULT CHARSET=utf8mb4 COLLATE=utf8mb4_unicode_ci;

--
-- Dumping data for table `tickets`
--

INSERT INTO `tickets` (`id`, `user_id`, `admin_id`, `subject`, `content`, `attachment`, `status`, `reply_to_id`, `created_at`, `updated_at`) VALUES
(1, 2, 2, 'first', 'lorem ipdon dollar smit wor not by you', NULL, 1, 0, '2024-03-12 10:03:01', '2024-03-12 10:03:01'),
(2, 2, 2, 'title of me232', 'lorem ipdon dollar smit wor not by yourem ipdon dollar smit wor not by yourem ipdon dollar smit wor not by yourem ipdon dollar smit wor not by yourem ipdon dollar smit wor not by youlorem ipdon dollar smit wor not by yourem ipdon dollar smit wor not by yourem ipdon dollar smit wor not by yourem ipdon dollar smit wor not by yourem ipdon dollar smit wor not by you', NULL, 100, 0, '2024-03-12 10:03:01', '2024-03-12 10:03:01'),
(3, 2, 2, 'closed ticket', 'lorem ipdon dollar smit wor not by yourem ipdon dollar smit wor not by yourem ipdon dollar smit wor not by yourem ipdon dollar smit wor not by yourem ipdon dollar smit wor not by you', NULL, 0, 0, '2024-03-12 10:03:01', '2024-03-12 10:49:31'),
(4, 2, 2, 'has info', 'lorem ipson content ddd', 'images/product_images/BK4d3Fhqth.jpg', 1, 0, '2024-03-12 10:34:10', '2024-03-12 10:34:10'),
(5, 2, 2, 'babaaaa', 'lorem ipson content ddd', 'images/product_images/BK4d3Fhqth.jpg', 100, 4, '2024-03-12 10:35:21', '2024-03-12 10:35:21'),
(6, 2, 2, 'mememem', 'lorem ipson content ddd', 'images/product_images/BK4d3Fhqth.jpg', 1, 4, '2024-03-02 10:35:21', '2024-03-12 10:35:21'),
(7, 2, 2, 'from vue', 'helllo worldddddd', '/private/var/folders/9l/hhs3r33d54g_g_v9csb6nzkr0000gn/T/phpTUtHnW', 1, 0, '2024-03-12 11:44:05', '2024-03-12 11:44:05'),
(8, 2, 2, 'dsd', 'sds', NULL, 1, 0, '2024-03-12 11:49:43', '2024-03-12 11:49:43'),
(9, 2, 2, 'dsd', 'sdsdsdsds', NULL, 1, 0, '2024-03-12 11:51:19', '2024-03-12 11:51:19'),
(10, 2, 2, 'dsdds', 'sdsdsdsdssds', NULL, 1, 0, '2024-03-12 11:52:23', '2024-03-12 11:52:23'),
(11, 2, 2, 'dsdds', 'sdsdsdsdssds', NULL, 1, 0, '2024-03-12 11:53:17', '2024-03-12 11:53:17'),
(12, 2, 2, 'dsdds', 'sdsdsdsdssds', NULL, 1, 0, '2024-03-12 11:56:07', '2024-03-12 11:56:07'),
(13, 2, 2, 'dsdds', 'sdsdsdsdssds', NULL, 1, 0, '2024-03-12 11:57:02', '2024-03-12 11:57:02'),
(14, 2, 2, 'dsdds', 'sdsdsdsdssds', NULL, 1, 0, '2024-03-12 11:57:49', '2024-03-12 11:57:49'),
(15, 2, 2, 'ww', 'eeee', NULL, 1, 0, '2024-03-12 12:29:08', '2024-03-12 12:29:08'),
(16, 2, 2, 'hello with pic', 'dddd', 'storage/images/default/xE3nojDNMn.jpg', 1, 0, '2024-03-12 12:48:15', '2024-03-12 12:48:15'),
(17, 2, 2, 'w', 'd', 'images/ticket_images/HcS9MLRSKg.jpg', 1, 0, '2024-03-12 12:49:38', '2024-03-12 12:49:38'),
(18, 2, 2, 'new tt', 'eeeee', 'images/ticket_images/DrML0uZJJi.jpg', 1, 0, '2024-03-13 04:25:54', '2024-03-13 04:25:54'),
(19, 2, 2, 'wxf', 'e', 'images/ticket_images/nG4JDNgv5y.jpg', 1, 0, '2024-03-13 04:26:38', '2024-03-13 04:26:38'),
(20, 2, 2, 'e', 'w', 'images/ticket_images/wOKwIim1x7.jpg', 1, 0, '2024-03-13 04:27:18', '2024-03-13 04:27:18'),
(21, 2, 2, 'null', 'reply from vue to db', 'images/ticket_images/ZcqNw6HB2J.jpg', 1, 4, '2024-03-13 05:39:11', '2024-03-13 05:39:11'),
(22, 2, 2, 'has info', 'second one', 'images/ticket_images/wQEXDSHZL0.jpg', 1, 4, '2024-03-13 05:41:29', '2024-03-13 05:41:29'),
(23, 2, 2, 'has info', 'rrrr', 'images/ticket_images/Avt0mLFKx6.jpg', 1, 4, '2024-03-13 05:42:17', '2024-03-13 05:42:17'),
(24, 2, 2, 'has info', 'e', NULL, 1, 4, '2024-03-13 05:45:24', '2024-03-13 05:45:24'),
(25, 2, 2, 'ee', 'wwwww', NULL, 1, 0, '2024-03-13 10:45:52', '2024-03-13 10:45:52'),
(26, 2, 2, 'null', 'hello from new chat', 'images/ticket_images/vDVNEUBdL6.jpg', 1, 0, '2024-03-13 10:46:23', '2024-03-13 10:46:23'),
(27, 2, 2, 'has info', 'hey from new', NULL, 1, 4, '2024-03-13 10:51:32', '2024-03-13 10:51:32'),
(28, 2, 2, 'has info', 'next one', 'images/ticket_images/VfYniSgn1h.jpg', 1, 4, '2024-03-13 11:09:23', '2024-03-13 11:09:23'),
(29, 2, 2, 'has info', 'another', NULL, 1, 4, '2024-03-13 11:11:42', '2024-03-13 11:11:42'),
(30, 2, 2, 'has info', 'again', 'images/ticket_images/U6PVLb4jGL.jpg', 1, 4, '2024-03-13 11:12:12', '2024-03-13 11:12:12'),
(31, 2, 2, 'w', 'e', NULL, 1, 0, '2024-03-15 04:03:03', '2024-03-15 04:03:03'),
(32, 2, 2, 'has info', ' ', NULL, 1, 4, '2024-03-23 04:27:05', '2024-03-23 04:27:05');

-- --------------------------------------------------------

--
-- Table structure for table `transactions`
--

CREATE TABLE `transactions` (
  `id` bigint(20) UNSIGNED NOT NULL,
  `user_id` bigint(20) UNSIGNED NOT NULL,
  `amount` int(11) NOT NULL,
  `order_id` varchar(255) NOT NULL COMMENT 'auto generated id for tracking from service provider',
  `item_type` int(11) NOT NULL COMMENT '1 => pay for buy bid / 2 =>for buying product(item_id is shipped id)',
  `item_id` bigint(20) UNSIGNED DEFAULT NULL COMMENT 'could be a bid package or a user_shipped_product based on item_type',
  `payment_description` varchar(255) NOT NULL,
  `payment_id` varchar(255) NOT NULL COMMENT 'service provider payment link',
  `status` int(11) NOT NULL COMMENT '1=> new and pending / 100 => sucsess full payment 300=>partially paid / 400 => failed payment',
  `partially_paid_amount` int(11) NOT NULL DEFAULT 0 COMMENT 'if payment has done partially, this is the amount',
  `created_at` timestamp NOT NULL DEFAULT current_timestamp()
) ENGINE=InnoDB DEFAULT CHARSET=utf8mb4 COLLATE=utf8mb4_unicode_ci;

--
-- Dumping data for table `transactions`
--

INSERT INTO `transactions` (`id`, `user_id`, `amount`, `order_id`, `item_type`, `item_id`, `payment_description`, `payment_id`, `status`, `partially_paid_amount`, `created_at`) VALUES
(44, 2, 4995, '10dab5d8b0', 2, 16, 'buying playstation 5 and rewarding 9889 Bids!', '5975254906', 100, 0, '2024-03-19 07:49:21'),
(45, 2, 565, 'c43979ce57', 2, 17, 'buying playstation 5 for price of: $565', '5488205265', 400, 0, '2024-03-19 09:32:56'),
(46, 2, 4000, '95e27f72de', 1, NULL, 'buying playstation 5 for price of: $565', '6067798051', 100, 0, '2024-01-19 10:28:45'),
(47, 2, 565, '73a468852f', 2, 17, 'buying playstation 5 for price of: $565', '5143356115', 1, 0, '2024-03-19 10:30:54'),
(48, 2, 34, '10dab5d8b0', 1, 16, 'buying playstation 5 and rewarding 9889 Bids!', '5975254906', 100, 0, '2024-03-19 07:49:21'),
(49, 2, 565, 'c43979ce57', 1, 17, 'buying playstation 5 for price of: $565', '5488205265', 400, 0, '2024-03-19 09:32:56'),
(50, 2, 210, '95e27f72de', 2, NULL, 'buying playstation 5 for price of: $565', '6067798051', 100, 0, '2024-01-19 10:28:45'),
(51, 2, 565, '73a468852f', 2, 17, 'buying playstation 5 for price of: $565', '5143356115', 1, 0, '2024-03-19 10:30:54');

-- --------------------------------------------------------

--
-- Table structure for table `transaction_histories`
--

CREATE TABLE `transaction_histories` (
  `id` bigint(20) UNSIGNED NOT NULL,
  `transaction_id` bigint(20) UNSIGNED NOT NULL,
  `status` int(11) NOT NULL,
  `created_at` timestamp NOT NULL DEFAULT current_timestamp(),
  `updated_at` timestamp NOT NULL DEFAULT current_timestamp()
) ENGINE=InnoDB DEFAULT CHARSET=utf8mb4 COLLATE=utf8mb4_unicode_ci;

-- --------------------------------------------------------

--
-- Table structure for table `users`
--

CREATE TABLE `users` (
  `id` bigint(20) UNSIGNED NOT NULL,
  `username` varchar(255) NOT NULL,
  `bio` text DEFAULT NULL,
  `email` varchar(255) NOT NULL,
  `birth_date` text DEFAULT NULL,
  `status` int(11) NOT NULL DEFAULT 1 COMMENT '1=active 0=deactive--- 100=admin',
  `profile_pic` text DEFAULT NULL,
  `password` varchar(255) NOT NULL,
  `email_verified_at` timestamp NULL DEFAULT NULL,
  `bid_amount` int(11) UNSIGNED NOT NULL DEFAULT 0 COMMENT 'user bid amounts',
  `city_id` bigint(20) UNSIGNED NOT NULL DEFAULT 1,
  `remember_token` varchar(100) DEFAULT NULL,
  `created_at` timestamp NOT NULL DEFAULT current_timestamp(),
  `updated_at` timestamp NOT NULL DEFAULT current_timestamp()
) ENGINE=InnoDB DEFAULT CHARSET=utf8mb4 COLLATE=utf8mb4_unicode_ci;

--
-- Dumping data for table `users`
--

INSERT INTO `users` (`id`, `username`, `bio`, `email`, `birth_date`, `status`, `profile_pic`, `password`, `email_verified_at`, `bid_amount`, `city_id`, `remember_token`, `created_at`, `updated_at`) VALUES
(1, 'admin', '\n\n<h1>   Quill</h1>\n\n<p style=\"color:red\"><i>                 .               </i></p>', 'admin@email.com', '00:00:00', 100, 'images/user_profiles/PadglGkoA9.jpg', '$2y$12$Z7uYA5q1fZ/oZMDCYe1uQu9Xbe4Q95xArB0tZNLagAT84OWPHh9f2', NULL, 0, 1, 'FKfcjntOhFvDgPyINLLuUJbeexb7o1dQPiy4reWV9FKFgPmwYTpCOr6pB27h', '2024-01-01 09:23:07', '2024-01-03 06:45:31'),
(2, 'The_User', 'dsdsd', 'user@email.com', '2024-03-13T10:30:00.000Z', 1, 'images/user_profiles/v7lJ7OjXPE.jpg', '$2y$12$Z7uYA5q1fZ/oZMDCYe1uQu9Xbe4Q95xArB0tZNLagAT84OWPHh9f2', NULL, 1053, 7, 'IqWGmRWPwktrA3hrQdYPSx8qqcYvEiVEK5pwaUFADj2MYDDU2TtKJEmqHBFP', '2024-01-01 06:28:48', '2024-03-24 16:45:22'),
(3, 'bud52', 'Quia debitis et aliquid sit debitis voluptatem aliquid. Dolores non molestiae laborum illo repellat. Fugiat at ut iusto modi voluptatibus eum iure. Enim eveniet aliquam voluptas et dolor odio.', 'user3@email.com', NULL, 0, NULL, '$2y$12$Z7uYA5q1fZ/oZMDCYe1uQu9Xbe4Q95xArB0tZNLagAT84OWPHh9f2', '1972-10-12 00:20:24', 2279284, 1, 'Ma4at1HHGR', '2024-01-01 06:29:58', '2024-01-01 06:29:58'),
(4, 'llueilwitz', 'Sit ea et quia beatae ipsum atque ea. Aperiam aut enim quia aperiam ipsam dolorem. Qui ab libero et inventore sed fugit. Voluptates aut minus saepe dolorem. Vel ullam aut magni.', 'manuela46@example.com', NULL, 0, NULL, '$2y$12$f9gNExX68wtR8cpzFtPqUesX5QsAYgpHnHFF.WaCIvOR6el.H9KAe', '1986-05-16 10:26:12', 37, 1, 'yBsAiiFX1G', '2024-01-01 06:29:58', '2024-01-01 06:29:58'),
(5, 'jwaelchi', NULL, 'gorczany.dedrick@example.net', NULL, 1, 'Possimus voluptatem veritatis in laboriosam enim voluptate. Exercitationem eaque excepturi corporis praesentium consequatur aut voluptas ipsam. Molestias neque quia ut eos saepe.', '$2y$12$4lUxv2kqYFY2R.nR9Y5s.uFn3SEMbiRrjHiCmKu3RUAcL3ko7WeCC', '1978-05-20 17:51:24', 263981, 1, 'Bw6orai2xw', '2024-01-01 06:29:58', '2024-01-01 06:29:58'),
(6, 'savion95', NULL, 'sabrina.hansen@example.com', NULL, 0, NULL, '$2y$12$qfbWChy9X2OWFPXuE6Mx2e9WuoYOBRnoGzZJ1KldzsSjBPyrlwL1i', NULL, 227, 1, 'grp7kZZVSi', '2024-01-01 06:29:58', '2024-01-01 06:29:58'),
(7, 'vladimir.glover', 'Ea reiciendis porro culpa. Iste non maxime et. Quod et iure sit id est unde.', 'zlabadie@example.org', NULL, 0, 'Aliquid iusto qui non. Qui iure sint odio voluptatem et.', '$2y$12$P./S9dpa3xeC7bW1mo/LlOaknOwwn3cyK.EgN8qM6AUfZSsFK9.Om', NULL, 5099857, 1, 'zKXIciHpiX', '2024-01-01 06:29:58', '2024-01-01 06:29:58'),
(9, 'oooo', NULL, 'poll@email.com', NULL, 1, NULL, '$2y$12$Xp8wbM5bYPxU4JPOxMeOV.xaxPa1OoKkSKVKDi6I68X96v.P2y.qm', NULL, 0, 1, NULL, '2024-03-09 17:51:51', '2024-03-09 17:51:51');

-- --------------------------------------------------------

--
-- Table structure for table `user_auction_wins`
--

CREATE TABLE `user_auction_wins` (
  `id` bigint(20) UNSIGNED NOT NULL,
  `user_id` bigint(20) UNSIGNED NOT NULL,
  `auction_id` bigint(20) UNSIGNED NOT NULL,
  `is_paid` int(11) NOT NULL COMMENT 'eaither paid or unpaid',
  `final_price` int(11) NOT NULL,
  `created_at` timestamp NOT NULL DEFAULT current_timestamp(),
  `updated_at` timestamp NOT NULL DEFAULT current_timestamp()
) ENGINE=InnoDB DEFAULT CHARSET=utf8mb4 COLLATE=utf8mb4_unicode_ci;

-- --------------------------------------------------------

--
-- Table structure for table `user_challenges`
--

CREATE TABLE `user_challenges` (
  `id` bigint(20) UNSIGNED NOT NULL,
  `user_id` bigint(20) UNSIGNED NOT NULL,
  `challenge_id` bigint(20) UNSIGNED NOT NULL,
  `status` int(11) NOT NULL DEFAULT 1 COMMENT '1 = active  2=expired 3=won',
  `progress` int(11) NOT NULL DEFAULT 0 COMMENT 'how much user has done in each challenge',
  `created_at` timestamp NOT NULL DEFAULT current_timestamp()
) ENGINE=InnoDB DEFAULT CHARSET=utf8mb4 COLLATE=utf8mb4_unicode_ci;

--
-- Dumping data for table `user_challenges`
--

INSERT INTO `user_challenges` (`id`, `user_id`, `challenge_id`, `status`, `progress`, `created_at`) VALUES
(1, 2, 6, 3, 0, '2024-02-18 16:15:39'),
(2, 2, 5, 3, 0, '2024-02-18 16:15:39');

-- --------------------------------------------------------

--
-- Table structure for table `user_ips`
--

CREATE TABLE `user_ips` (
  `id` bigint(20) UNSIGNED NOT NULL,
  `ip_address` varchar(255) NOT NULL,
  `user_id` bigint(20) UNSIGNED NOT NULL,
  `created_at` timestamp NOT NULL DEFAULT current_timestamp()
) ENGINE=InnoDB DEFAULT CHARSET=utf8mb4 COLLATE=utf8mb4_unicode_ci;

-- --------------------------------------------------------

--
-- Table structure for table `user_redeem_codes`
--

CREATE TABLE `user_redeem_codes` (
  `id` bigint(20) UNSIGNED NOT NULL,
  `user_id` bigint(20) UNSIGNED NOT NULL,
  `redeem_code_id` bigint(20) UNSIGNED NOT NULL,
  `created_at` timestamp NOT NULL DEFAULT current_timestamp()
) ENGINE=InnoDB DEFAULT CHARSET=utf8mb4 COLLATE=utf8mb4_unicode_ci;

-- --------------------------------------------------------

--
-- Table structure for table `user_shiped_products`
--

CREATE TABLE `user_shiped_products` (
  `id` bigint(20) UNSIGNED NOT NULL,
  `user_id` bigint(20) UNSIGNED NOT NULL,
  `status` int(11) NOT NULL COMMENT '1=> waiting for payment / 100=>payment done and ready for shipping / 200=>shiped / 300=>partially paid / 400=>canceled',
  `reward_bids` int(11) NOT NULL DEFAULT 0,
  `address` text NOT NULL,
  `postal_code` bigint(11) NOT NULL,
  `price` int(11) NOT NULL DEFAULT 0,
  `product_id` bigint(20) UNSIGNED NOT NULL,
  `state_id` bigint(20) UNSIGNED NOT NULL,
  `city_id` bigint(20) UNSIGNED NOT NULL,
  `transaction_id` bigint(20) UNSIGNED NOT NULL,
  `created_at` timestamp NOT NULL DEFAULT current_timestamp(),
  `updated_at` timestamp NOT NULL DEFAULT current_timestamp()
) ENGINE=InnoDB DEFAULT CHARSET=utf8mb4 COLLATE=utf8mb4_unicode_ci;

--
-- Dumping data for table `user_shiped_products`
--

INSERT INTO `user_shiped_products` (`id`, `user_id`, `status`, `reward_bids`, `address`, `postal_code`, `price`, `product_id`, `state_id`, `city_id`, `transaction_id`, `created_at`, `updated_at`) VALUES
(16, 2, 100, 9889, 'kkkkk', 90, 4995, 8, 4, 7, 44, '2024-03-19 04:19:21', '2024-03-19 04:20:03'),
(17, 2, 1, 0, 'dd', 22, 565, 8, 4, 5, 47, '2024-03-19 06:02:56', '2024-03-19 07:00:54');

-- --------------------------------------------------------

--
-- Table structure for table `winners`
--

CREATE TABLE `winners` (
  `id` bigint(20) UNSIGNED NOT NULL,
  `user_id` bigint(20) UNSIGNED NOT NULL,
  `product_id` bigint(20) UNSIGNED NOT NULL,
  `win_price` int(11) NOT NULL,
  `status` int(11) NOT NULL DEFAULT 1 COMMENT '1=> new - unpaid win / 2=>waiting payment\r\n / 100=>paid win / 300=>expire win',
  `bids_placed` int(11) NOT NULL DEFAULT 0,
  `created_at` timestamp NOT NULL DEFAULT current_timestamp()
) ENGINE=InnoDB DEFAULT CHARSET=utf8mb4 COLLATE=utf8mb4_unicode_ci;

--
-- Dumping data for table `winners`
--

INSERT INTO `winners` (`id`, `user_id`, `product_id`, `win_price`, `status`, `bids_placed`, `created_at`) VALUES
(1, 2, 8, 565, 2, 84, '2024-02-09 17:04:41'),
(2, 2, 10, 78, 1, 84, '2024-02-18 17:04:41'),
(3, 2, 7, 2, 1, 876, '2024-02-09 17:04:41'),
(50, 2, 8, 979, 1, 0, '2024-03-24 19:28:39'),
(51, 2, 10, 403, 1, 0, '2024-03-24 19:28:45');

--
-- Indexes for dumped tables
--

--
-- Indexes for table `admins`
--
ALTER TABLE `admins`
  ADD PRIMARY KEY (`id`),
  ADD KEY `admins_user_id_foreign` (`user_id`);

--
-- Indexes for table `auctions`
--
ALTER TABLE `auctions`
  ADD PRIMARY KEY (`id`),
  ADD KEY `auctions_current_winner_id_foreign` (`current_winner_id`),
  ADD KEY `auctions_final_winner_id_foreign` (`final_winner_id`),
  ADD KEY `auctions_product_id_foreign` (`product_id`);

--
-- Indexes for table `bidding_history`
--
ALTER TABLE `bidding_history`
  ADD PRIMARY KEY (`id`),
  ADD KEY `bidding_history_user_id_foreign` (`user_id`),
  ADD KEY `bidding_history_auction_id_foreign` (`auction_id`),
  ADD KEY `bidding_history_category_id_foreign` (`category_id`);

--
-- Indexes for table `bidding_queue`
--
ALTER TABLE `bidding_queue`
  ADD PRIMARY KEY (`id`),
  ADD KEY `bidding_queue_bid_buddy_id_foreign` (`bid_buddy_id`),
  ADD KEY `bidding_queue_auction_id_foreign` (`auction_id`);

--
-- Indexes for table `bid_buddies`
--
ALTER TABLE `bid_buddies`
  ADD PRIMARY KEY (`id`),
  ADD KEY `bid_buddies_user_id_foreign` (`user_id`),
  ADD KEY `bid_buddies_auction_id_foreign` (`auction_id`);

--
-- Indexes for table `bid_packages`
--
ALTER TABLE `bid_packages`
  ADD PRIMARY KEY (`id`);

--
-- Indexes for table `bookmarks`
--
ALTER TABLE `bookmarks`
  ADD PRIMARY KEY (`id`),
  ADD KEY `bookmarks_user_id_foreign` (`user_id`),
  ADD KEY `bookmarks_auction_id_foreign` (`auction_id`);

--
-- Indexes for table `buy_it_now_offers`
--
ALTER TABLE `buy_it_now_offers`
  ADD PRIMARY KEY (`id`),
  ADD KEY `buy_it_now_offers_product_id_foreign` (`product_id`);

--
-- Indexes for table `categories`
--
ALTER TABLE `categories`
  ADD PRIMARY KEY (`id`);

--
-- Indexes for table `challenges`
--
ALTER TABLE `challenges`
  ADD PRIMARY KEY (`id`),
  ADD KEY `challenges_reward_id_foreign` (`reward_id`),
  ADD KEY `challenges_category_id_foreign` (`category_id`);

--
-- Indexes for table `cities`
--
ALTER TABLE `cities`
  ADD PRIMARY KEY (`id`),
  ADD KEY `cities_state_id_foreign` (`state_id`);

--
-- Indexes for table `comments`
--
ALTER TABLE `comments`
  ADD PRIMARY KEY (`id`),
  ADD KEY `comments_user_id_foreign` (`user_id`),
  ADD KEY `comments_product_id_foreign` (`product_id`);

--
-- Indexes for table `failed_jobs`
--
ALTER TABLE `failed_jobs`
  ADD PRIMARY KEY (`id`),
  ADD UNIQUE KEY `failed_jobs_uuid_unique` (`uuid`);

--
-- Indexes for table `highest_bidders`
--
ALTER TABLE `highest_bidders`
  ADD PRIMARY KEY (`id`),
  ADD KEY `highest_bidders_user_id_foreign` (`user_id`);

--
-- Indexes for table `highest_bidder_levels`
--
ALTER TABLE `highest_bidder_levels`
  ADD PRIMARY KEY (`id`);

--
-- Indexes for table `migrations`
--
ALTER TABLE `migrations`
  ADD PRIMARY KEY (`id`);

--
-- Indexes for table `password_reset_tokens`
--
ALTER TABLE `password_reset_tokens`
  ADD PRIMARY KEY (`email`);

--
-- Indexes for table `personal_access_tokens`
--
ALTER TABLE `personal_access_tokens`
  ADD PRIMARY KEY (`id`),
  ADD UNIQUE KEY `personal_access_tokens_token_unique` (`token`),
  ADD KEY `personal_access_tokens_tokenable_type_tokenable_id_index` (`tokenable_type`,`tokenable_id`);

--
-- Indexes for table `products`
--
ALTER TABLE `products`
  ADD PRIMARY KEY (`id`),
  ADD KEY `products_category_id_foreign` (`category_id`);

--
-- Indexes for table `product_galleries`
--
ALTER TABLE `product_galleries`
  ADD PRIMARY KEY (`id`),
  ADD KEY `product_galleries_product_id_foreign` (`product_id`);

--
-- Indexes for table `redeem_codes`
--
ALTER TABLE `redeem_codes`
  ADD PRIMARY KEY (`id`);

--
-- Indexes for table `rewards`
--
ALTER TABLE `rewards`
  ADD PRIMARY KEY (`id`);

--
-- Indexes for table `special_offers`
--
ALTER TABLE `special_offers`
  ADD PRIMARY KEY (`id`);

--
-- Indexes for table `states`
--
ALTER TABLE `states`
  ADD PRIMARY KEY (`id`);

--
-- Indexes for table `tempraries`
--
ALTER TABLE `tempraries`
  ADD PRIMARY KEY (`id`);

--
-- Indexes for table `tickets`
--
ALTER TABLE `tickets`
  ADD PRIMARY KEY (`id`),
  ADD KEY `tickets_user_id_foreign` (`user_id`),
  ADD KEY `tickets_admin_id_foreign` (`admin_id`),
  ADD KEY `reply_to_id` (`reply_to_id`);

--
-- Indexes for table `transactions`
--
ALTER TABLE `transactions`
  ADD PRIMARY KEY (`id`),
  ADD KEY `transactions_user_id_foreign` (`user_id`);

--
-- Indexes for table `transaction_histories`
--
ALTER TABLE `transaction_histories`
  ADD PRIMARY KEY (`id`),
  ADD KEY `transaction_histories_transaction_id_foreign` (`transaction_id`);

--
-- Indexes for table `users`
--
ALTER TABLE `users`
  ADD PRIMARY KEY (`id`),
  ADD KEY `city_id` (`city_id`);

--
-- Indexes for table `user_auction_wins`
--
ALTER TABLE `user_auction_wins`
  ADD PRIMARY KEY (`id`),
  ADD KEY `user_auction_wins_user_id_foreign` (`user_id`),
  ADD KEY `user_auction_wins_auction_id_foreign` (`auction_id`);

--
-- Indexes for table `user_challenges`
--
ALTER TABLE `user_challenges`
  ADD PRIMARY KEY (`id`),
  ADD KEY `user_challenges_user_id_foreign` (`user_id`),
  ADD KEY `user_challenges_challenge_id_foreign` (`challenge_id`);

--
-- Indexes for table `user_ips`
--
ALTER TABLE `user_ips`
  ADD PRIMARY KEY (`id`),
  ADD KEY `user_ips_user_id_foreign` (`user_id`);

--
-- Indexes for table `user_redeem_codes`
--
ALTER TABLE `user_redeem_codes`
  ADD PRIMARY KEY (`id`),
  ADD KEY `user_redeem_codes_user_id_foreign` (`user_id`),
  ADD KEY `user_redeem_codes_redeem_code_id_foreign` (`redeem_code_id`);

--
-- Indexes for table `user_shiped_products`
--
ALTER TABLE `user_shiped_products`
  ADD PRIMARY KEY (`id`),
  ADD KEY `user_shiped_products_user_id_foreign` (`user_id`),
  ADD KEY `user_shiped_products_product_id_foreign` (`product_id`),
  ADD KEY `user_shiped_products_state_id_foreign` (`state_id`),
  ADD KEY `user_shiped_products_city_id_foreign` (`city_id`),
  ADD KEY `user_shiped_products_transaction_id_foreign` (`transaction_id`);

--
-- Indexes for table `winners`
--
ALTER TABLE `winners`
  ADD PRIMARY KEY (`id`),
  ADD KEY `winners_user_id_foreign` (`user_id`),
  ADD KEY `winners_product_id_foreign` (`product_id`);

--
-- AUTO_INCREMENT for dumped tables
--

--
-- AUTO_INCREMENT for table `admins`
--
ALTER TABLE `admins`
  MODIFY `id` bigint(20) UNSIGNED NOT NULL AUTO_INCREMENT, AUTO_INCREMENT=3;

--
-- AUTO_INCREMENT for table `auctions`
--
ALTER TABLE `auctions`
  MODIFY `id` bigint(20) UNSIGNED NOT NULL AUTO_INCREMENT, AUTO_INCREMENT=550;

--
-- AUTO_INCREMENT for table `bidding_history`
--
ALTER TABLE `bidding_history`
  MODIFY `id` bigint(20) UNSIGNED NOT NULL AUTO_INCREMENT, AUTO_INCREMENT=1252;

--
-- AUTO_INCREMENT for table `bidding_queue`
--
ALTER TABLE `bidding_queue`
  MODIFY `id` bigint(20) UNSIGNED NOT NULL AUTO_INCREMENT, AUTO_INCREMENT=149;

--
-- AUTO_INCREMENT for table `bid_buddies`
--
ALTER TABLE `bid_buddies`
  MODIFY `id` bigint(20) UNSIGNED NOT NULL AUTO_INCREMENT, AUTO_INCREMENT=5;

--
-- AUTO_INCREMENT for table `bid_packages`
--
ALTER TABLE `bid_packages`
  MODIFY `id` bigint(20) UNSIGNED NOT NULL AUTO_INCREMENT, AUTO_INCREMENT=9;

--
-- AUTO_INCREMENT for table `bookmarks`
--
ALTER TABLE `bookmarks`
  MODIFY `id` bigint(20) UNSIGNED NOT NULL AUTO_INCREMENT, AUTO_INCREMENT=25;

--
-- AUTO_INCREMENT for table `buy_it_now_offers`
--
ALTER TABLE `buy_it_now_offers`
  MODIFY `id` bigint(20) UNSIGNED NOT NULL AUTO_INCREMENT, AUTO_INCREMENT=52;

--
-- AUTO_INCREMENT for table `categories`
--
ALTER TABLE `categories`
  MODIFY `id` bigint(20) UNSIGNED NOT NULL AUTO_INCREMENT, AUTO_INCREMENT=48;

--
-- AUTO_INCREMENT for table `challenges`
--
ALTER TABLE `challenges`
  MODIFY `id` bigint(20) UNSIGNED NOT NULL AUTO_INCREMENT, AUTO_INCREMENT=12;

--
-- AUTO_INCREMENT for table `cities`
--
ALTER TABLE `cities`
  MODIFY `id` bigint(20) UNSIGNED NOT NULL AUTO_INCREMENT, AUTO_INCREMENT=9;

--
-- AUTO_INCREMENT for table `comments`
--
ALTER TABLE `comments`
  MODIFY `id` bigint(20) UNSIGNED NOT NULL AUTO_INCREMENT, AUTO_INCREMENT=4;

--
-- AUTO_INCREMENT for table `failed_jobs`
--
ALTER TABLE `failed_jobs`
  MODIFY `id` bigint(20) UNSIGNED NOT NULL AUTO_INCREMENT;

--
-- AUTO_INCREMENT for table `highest_bidders`
--
ALTER TABLE `highest_bidders`
  MODIFY `id` bigint(20) UNSIGNED NOT NULL AUTO_INCREMENT, AUTO_INCREMENT=3;

--
-- AUTO_INCREMENT for table `highest_bidder_levels`
--
ALTER TABLE `highest_bidder_levels`
  MODIFY `id` bigint(20) UNSIGNED NOT NULL AUTO_INCREMENT, AUTO_INCREMENT=5;

--
-- AUTO_INCREMENT for table `migrations`
--
ALTER TABLE `migrations`
  MODIFY `id` int(10) UNSIGNED NOT NULL AUTO_INCREMENT, AUTO_INCREMENT=453;

--
-- AUTO_INCREMENT for table `personal_access_tokens`
--
ALTER TABLE `personal_access_tokens`
  MODIFY `id` bigint(20) UNSIGNED NOT NULL AUTO_INCREMENT;

--
-- AUTO_INCREMENT for table `products`
--
ALTER TABLE `products`
  MODIFY `id` bigint(20) UNSIGNED NOT NULL AUTO_INCREMENT, AUTO_INCREMENT=35;

--
-- AUTO_INCREMENT for table `product_galleries`
--
ALTER TABLE `product_galleries`
  MODIFY `id` bigint(20) UNSIGNED NOT NULL AUTO_INCREMENT, AUTO_INCREMENT=18;

--
-- AUTO_INCREMENT for table `redeem_codes`
--
ALTER TABLE `redeem_codes`
  MODIFY `id` bigint(20) UNSIGNED NOT NULL AUTO_INCREMENT, AUTO_INCREMENT=3;

--
-- AUTO_INCREMENT for table `rewards`
--
ALTER TABLE `rewards`
  MODIFY `id` bigint(20) UNSIGNED NOT NULL AUTO_INCREMENT, AUTO_INCREMENT=4;

--
-- AUTO_INCREMENT for table `special_offers`
--
ALTER TABLE `special_offers`
  MODIFY `id` bigint(20) UNSIGNED NOT NULL AUTO_INCREMENT, AUTO_INCREMENT=13;

--
-- AUTO_INCREMENT for table `states`
--
ALTER TABLE `states`
  MODIFY `id` bigint(20) UNSIGNED NOT NULL AUTO_INCREMENT, AUTO_INCREMENT=8;

--
-- AUTO_INCREMENT for table `tempraries`
--
ALTER TABLE `tempraries`
  MODIFY `id` bigint(20) UNSIGNED NOT NULL AUTO_INCREMENT, AUTO_INCREMENT=18;

--
-- AUTO_INCREMENT for table `tickets`
--
ALTER TABLE `tickets`
  MODIFY `id` bigint(20) UNSIGNED NOT NULL AUTO_INCREMENT, AUTO_INCREMENT=33;

--
-- AUTO_INCREMENT for table `transactions`
--
ALTER TABLE `transactions`
  MODIFY `id` bigint(20) UNSIGNED NOT NULL AUTO_INCREMENT, AUTO_INCREMENT=52;

--
-- AUTO_INCREMENT for table `transaction_histories`
--
ALTER TABLE `transaction_histories`
  MODIFY `id` bigint(20) UNSIGNED NOT NULL AUTO_INCREMENT;

--
-- AUTO_INCREMENT for table `users`
--
ALTER TABLE `users`
  MODIFY `id` bigint(20) UNSIGNED NOT NULL AUTO_INCREMENT, AUTO_INCREMENT=10;

--
-- AUTO_INCREMENT for table `user_auction_wins`
--
ALTER TABLE `user_auction_wins`
  MODIFY `id` bigint(20) UNSIGNED NOT NULL AUTO_INCREMENT;

--
-- AUTO_INCREMENT for table `user_challenges`
--
ALTER TABLE `user_challenges`
  MODIFY `id` bigint(20) UNSIGNED NOT NULL AUTO_INCREMENT, AUTO_INCREMENT=3;

--
-- AUTO_INCREMENT for table `user_ips`
--
ALTER TABLE `user_ips`
  MODIFY `id` bigint(20) UNSIGNED NOT NULL AUTO_INCREMENT;

--
-- AUTO_INCREMENT for table `user_redeem_codes`
--
ALTER TABLE `user_redeem_codes`
  MODIFY `id` bigint(20) UNSIGNED NOT NULL AUTO_INCREMENT;

--
-- AUTO_INCREMENT for table `user_shiped_products`
--
ALTER TABLE `user_shiped_products`
  MODIFY `id` bigint(20) UNSIGNED NOT NULL AUTO_INCREMENT, AUTO_INCREMENT=18;

--
-- AUTO_INCREMENT for table `winners`
--
ALTER TABLE `winners`
  MODIFY `id` bigint(20) UNSIGNED NOT NULL AUTO_INCREMENT, AUTO_INCREMENT=53;

--
-- Constraints for dumped tables
--

--
-- Constraints for table `admins`
--
ALTER TABLE `admins`
  ADD CONSTRAINT `admins_user_id_foreign` FOREIGN KEY (`user_id`) REFERENCES `users` (`id`);

--
-- Constraints for table `auctions`
--
ALTER TABLE `auctions`
  ADD CONSTRAINT `auctions_current_winner_id_foreign` FOREIGN KEY (`current_winner_id`) REFERENCES `users` (`id`),
  ADD CONSTRAINT `auctions_final_winner_id_foreign` FOREIGN KEY (`final_winner_id`) REFERENCES `users` (`id`),
  ADD CONSTRAINT `auctions_product_id_foreign` FOREIGN KEY (`product_id`) REFERENCES `products` (`id`);

--
-- Constraints for table `bidding_history`
--
ALTER TABLE `bidding_history`
  ADD CONSTRAINT `bidding_history_auction_id_foreign` FOREIGN KEY (`auction_id`) REFERENCES `auctions` (`id`),
  ADD CONSTRAINT `bidding_history_category_id_foreign` FOREIGN KEY (`category_id`) REFERENCES `categories` (`id`),
  ADD CONSTRAINT `bidding_history_user_id_foreign` FOREIGN KEY (`user_id`) REFERENCES `users` (`id`);

--
-- Constraints for table `bidding_queue`
--
ALTER TABLE `bidding_queue`
  ADD CONSTRAINT `bidding_queue_auction_id_foreign` FOREIGN KEY (`auction_id`) REFERENCES `auctions` (`id`),
  ADD CONSTRAINT `bidding_queue_bid_buddy_id_foreign` FOREIGN KEY (`bid_buddy_id`) REFERENCES `bid_buddies` (`id`);

--
-- Constraints for table `bid_buddies`
--
ALTER TABLE `bid_buddies`
  ADD CONSTRAINT `bid_buddies_auction_id_foreign` FOREIGN KEY (`auction_id`) REFERENCES `auctions` (`id`),
  ADD CONSTRAINT `bid_buddies_user_id_foreign` FOREIGN KEY (`user_id`) REFERENCES `users` (`id`);

--
-- Constraints for table `bookmarks`
--
ALTER TABLE `bookmarks`
  ADD CONSTRAINT `bookmarks_auction_id_foreign` FOREIGN KEY (`auction_id`) REFERENCES `auctions` (`id`),
  ADD CONSTRAINT `bookmarks_user_id_foreign` FOREIGN KEY (`user_id`) REFERENCES `users` (`id`);

--
-- Constraints for table `buy_it_now_offers`
--
ALTER TABLE `buy_it_now_offers`
  ADD CONSTRAINT `buy_it_now_offers_product_id_foreign` FOREIGN KEY (`product_id`) REFERENCES `products` (`id`);

--
-- Constraints for table `challenges`
--
ALTER TABLE `challenges`
  ADD CONSTRAINT `challenges_category_id_foreign` FOREIGN KEY (`category_id`) REFERENCES `categories` (`id`),
  ADD CONSTRAINT `challenges_reward_id_foreign` FOREIGN KEY (`reward_id`) REFERENCES `rewards` (`id`);

--
-- Constraints for table `cities`
--
ALTER TABLE `cities`
  ADD CONSTRAINT `cities_state_id_foreign` FOREIGN KEY (`state_id`) REFERENCES `states` (`id`);

--
-- Constraints for table `comments`
--
ALTER TABLE `comments`
  ADD CONSTRAINT `comments_product_id_foreign` FOREIGN KEY (`product_id`) REFERENCES `products` (`id`),
  ADD CONSTRAINT `comments_user_id_foreign` FOREIGN KEY (`user_id`) REFERENCES `users` (`id`);

--
-- Constraints for table `highest_bidders`
--
ALTER TABLE `highest_bidders`
  ADD CONSTRAINT `highest_bidders_user_id_foreign` FOREIGN KEY (`user_id`) REFERENCES `users` (`id`);

--
-- Constraints for table `products`
--
ALTER TABLE `products`
  ADD CONSTRAINT `products_category_id_foreign` FOREIGN KEY (`category_id`) REFERENCES `categories` (`id`);

--
-- Constraints for table `product_galleries`
--
ALTER TABLE `product_galleries`
  ADD CONSTRAINT `product_galleries_product_id_foreign` FOREIGN KEY (`product_id`) REFERENCES `products` (`id`);

--
-- Constraints for table `tickets`
--
ALTER TABLE `tickets`
  ADD CONSTRAINT `tickets_admin_id_foreign` FOREIGN KEY (`admin_id`) REFERENCES `admins` (`id`),
  ADD CONSTRAINT `tickets_user_id_foreign` FOREIGN KEY (`user_id`) REFERENCES `users` (`id`);

--
-- Constraints for table `transactions`
--
ALTER TABLE `transactions`
  ADD CONSTRAINT `transactions_user_id_foreign` FOREIGN KEY (`user_id`) REFERENCES `users` (`id`);

--
-- Constraints for table `transaction_histories`
--
ALTER TABLE `transaction_histories`
  ADD CONSTRAINT `transaction_histories_transaction_id_foreign` FOREIGN KEY (`transaction_id`) REFERENCES `transactions` (`id`);

--
-- Constraints for table `user_auction_wins`
--
ALTER TABLE `user_auction_wins`
  ADD CONSTRAINT `user_auction_wins_auction_id_foreign` FOREIGN KEY (`auction_id`) REFERENCES `auctions` (`id`),
  ADD CONSTRAINT `user_auction_wins_user_id_foreign` FOREIGN KEY (`user_id`) REFERENCES `users` (`id`);

--
-- Constraints for table `user_challenges`
--
ALTER TABLE `user_challenges`
  ADD CONSTRAINT `user_challenges_challenge_id_foreign` FOREIGN KEY (`challenge_id`) REFERENCES `challenges` (`id`),
  ADD CONSTRAINT `user_challenges_user_id_foreign` FOREIGN KEY (`user_id`) REFERENCES `users` (`id`);

--
-- Constraints for table `user_ips`
--
ALTER TABLE `user_ips`
  ADD CONSTRAINT `user_ips_user_id_foreign` FOREIGN KEY (`user_id`) REFERENCES `users` (`id`);

--
-- Constraints for table `user_redeem_codes`
--
ALTER TABLE `user_redeem_codes`
  ADD CONSTRAINT `user_redeem_codes_redeem_code_id_foreign` FOREIGN KEY (`redeem_code_id`) REFERENCES `redeem_codes` (`id`),
  ADD CONSTRAINT `user_redeem_codes_user_id_foreign` FOREIGN KEY (`user_id`) REFERENCES `users` (`id`);

--
-- Constraints for table `user_shiped_products`
--
ALTER TABLE `user_shiped_products`
  ADD CONSTRAINT `user_shiped_products_city_id_foreign` FOREIGN KEY (`city_id`) REFERENCES `cities` (`id`),
  ADD CONSTRAINT `user_shiped_products_product_id_foreign` FOREIGN KEY (`product_id`) REFERENCES `products` (`id`),
  ADD CONSTRAINT `user_shiped_products_state_id_foreign` FOREIGN KEY (`state_id`) REFERENCES `states` (`id`),
  ADD CONSTRAINT `user_shiped_products_transaction_id_foreign` FOREIGN KEY (`transaction_id`) REFERENCES `transactions` (`id`),
  ADD CONSTRAINT `user_shiped_products_user_id_foreign` FOREIGN KEY (`user_id`) REFERENCES `users` (`id`);

--
-- Constraints for table `winners`
--
ALTER TABLE `winners`
  ADD CONSTRAINT `winners_product_id_foreign` FOREIGN KEY (`product_id`) REFERENCES `products` (`id`),
  ADD CONSTRAINT `winners_user_id_foreign` FOREIGN KEY (`user_id`) REFERENCES `users` (`id`);
COMMIT;

/*!40101 SET CHARACTER_SET_CLIENT=@OLD_CHARACTER_SET_CLIENT */;
/*!40101 SET CHARACTER_SET_RESULTS=@OLD_CHARACTER_SET_RESULTS */;
/*!40101 SET COLLATION_CONNECTION=@OLD_COLLATION_CONNECTION */;
